-- phpMyAdmin SQL Dump
-- version 4.8.5
-- https://www.phpmyadmin.net/
--
-- Host: 127.0.0.1
-- Generation Time: Jun 29, 2019 at 01:14 PM
-- Server version: 10.1.38-MariaDB
-- PHP Version: 7.1.28

SET SQL_MODE = "NO_AUTO_VALUE_ON_ZERO";
SET AUTOCOMMIT = 0;
START TRANSACTION;
SET time_zone = "+00:00";


/*!40101 SET @OLD_CHARACTER_SET_CLIENT=@@CHARACTER_SET_CLIENT */;
/*!40101 SET @OLD_CHARACTER_SET_RESULTS=@@CHARACTER_SET_RESULTS */;
/*!40101 SET @OLD_COLLATION_CONNECTION=@@COLLATION_CONNECTION */;
/*!40101 SET NAMES utf8mb4 */;

--
-- Database: `pos`
--

-- --------------------------------------------------------

--
-- Table structure for table `attributes`
--

CREATE TABLE `attributes` (
  `id` bigint(20) UNSIGNED NOT NULL,
  `name` varchar(191) COLLATE utf8_unicode_ci NOT NULL,
  `value` varchar(191) COLLATE utf8_unicode_ci NOT NULL,
  `product_id` bigint(20) UNSIGNED NOT NULL,
  `created_at` timestamp NULL DEFAULT NULL,
  `updated_at` timestamp NULL DEFAULT NULL
) ENGINE=InnoDB DEFAULT CHARSET=utf8 COLLATE=utf8_unicode_ci;

--
-- Dumping data for table `attributes`
--

INSERT INTO `attributes` (`id`, `name`, `value`, `product_id`, `created_at`, `updated_at`) VALUES
(1, 'Color', 'Green', 1, '2019-06-13 05:38:52', '2019-06-13 05:38:52');

-- --------------------------------------------------------

--
-- Table structure for table `barcodes`
--

CREATE TABLE `barcodes` (
  `id` bigint(20) UNSIGNED NOT NULL,
  `created_at` timestamp NULL DEFAULT NULL,
  `updated_at` timestamp NULL DEFAULT NULL
) ENGINE=InnoDB DEFAULT CHARSET=utf8 COLLATE=utf8_unicode_ci;

-- --------------------------------------------------------

--
-- Table structure for table `brands`
--

CREATE TABLE `brands` (
  `id` bigint(20) UNSIGNED NOT NULL,
  `name` varchar(191) COLLATE utf8_unicode_ci NOT NULL,
  `logo` varchar(191) COLLATE utf8_unicode_ci DEFAULT NULL,
  `description` varchar(191) COLLATE utf8_unicode_ci DEFAULT NULL,
  `created_at` timestamp NULL DEFAULT NULL,
  `updated_at` timestamp NULL DEFAULT NULL
) ENGINE=InnoDB DEFAULT CHARSET=utf8 COLLATE=utf8_unicode_ci;

--
-- Dumping data for table `brands`
--

INSERT INTO `brands` (`id`, `name`, `logo`, `description`, `created_at`, `updated_at`) VALUES
(1, 'Kambo', 'brand_sU0u4V.png', 'df', '2019-06-13 05:29:44', '2019-06-13 05:29:44');

-- --------------------------------------------------------

--
-- Table structure for table `categories`
--

CREATE TABLE `categories` (
  `id` bigint(20) UNSIGNED NOT NULL,
  `name` varchar(191) COLLATE utf8_unicode_ci NOT NULL,
  `parent_id` int(11) NOT NULL,
  `description` varchar(191) COLLATE utf8_unicode_ci DEFAULT NULL,
  `created_at` timestamp NULL DEFAULT NULL,
  `updated_at` timestamp NULL DEFAULT NULL
) ENGINE=InnoDB DEFAULT CHARSET=utf8 COLLATE=utf8_unicode_ci;

--
-- Dumping data for table `categories`
--

INSERT INTO `categories` (`id`, `name`, `parent_id`, `description`, `created_at`, `updated_at`) VALUES
(1, 'Dress', 0, 'dsf', '2019-06-13 05:27:29', '2019-06-13 05:27:29');

-- --------------------------------------------------------

--
-- Table structure for table `cost_configures`
--

CREATE TABLE `cost_configures` (
  `id` bigint(20) UNSIGNED NOT NULL,
  `delivery_person` bigint(20) UNSIGNED NOT NULL,
  `from` varchar(191) COLLATE utf8_unicode_ci NOT NULL,
  `to` varchar(191) COLLATE utf8_unicode_ci NOT NULL,
  `rate` varchar(191) COLLATE utf8_unicode_ci NOT NULL,
  `created_at` timestamp NULL DEFAULT NULL,
  `updated_at` timestamp NULL DEFAULT NULL
) ENGINE=InnoDB DEFAULT CHARSET=utf8 COLLATE=utf8_unicode_ci;

--
-- Dumping data for table `cost_configures`
--

INSERT INTO `cost_configures` (`id`, `delivery_person`, `from`, `to`, `rate`, `created_at`, `updated_at`) VALUES
(8, 1, '10', '100', '30', '2019-06-22 07:12:22', '2019-06-22 07:12:22'),
(9, 1, '100', '500', '50', '2019-06-22 07:12:22', '2019-06-22 07:12:22'),
(10, 1, '500', '1000', '70', '2019-06-22 07:12:22', '2019-06-22 07:12:22'),
(11, 2, '0', '500', '65', '2019-06-29 00:44:19', '2019-06-29 00:44:19'),
(12, 2, '500', '1000', '90', '2019-06-29 00:44:19', '2019-06-29 00:44:19');

-- --------------------------------------------------------

--
-- Table structure for table `customers`
--

CREATE TABLE `customers` (
  `id` bigint(20) UNSIGNED NOT NULL,
  `membership_id` varchar(191) COLLATE utf8_unicode_ci NOT NULL,
  `name` varchar(191) COLLATE utf8_unicode_ci NOT NULL,
  `email` varchar(191) COLLATE utf8_unicode_ci NOT NULL,
  `phone` varchar(191) COLLATE utf8_unicode_ci NOT NULL,
  `gender` tinyint(1) NOT NULL,
  `dob` date DEFAULT NULL,
  `marital_status` tinyint(4) NOT NULL DEFAULT '0',
  `anniversary_date` date DEFAULT NULL,
  `img` varchar(191) COLLATE utf8_unicode_ci DEFAULT NULL,
  `due_amount` int(11) DEFAULT NULL,
  `advanced_amount` int(11) DEFAULT NULL,
  `earned_point` int(11) NOT NULL DEFAULT '0',
  `description` text COLLATE utf8_unicode_ci,
  `type_id` bigint(20) UNSIGNED NOT NULL,
  `created_at` timestamp NULL DEFAULT NULL,
  `updated_at` timestamp NULL DEFAULT NULL
) ENGINE=InnoDB DEFAULT CHARSET=utf8 COLLATE=utf8_unicode_ci;

--
-- Dumping data for table `customers`
--

INSERT INTO `customers` (`id`, `membership_id`, `name`, `email`, `phone`, `gender`, `dob`, `marital_status`, `anniversary_date`, `img`, `due_amount`, `advanced_amount`, `earned_point`, `description`, `type_id`, `created_at`, `updated_at`) VALUES
(4, '564654', 'Salman', 'salman.hider@d.com', '01736455677', 1, '2019-05-28', 2, '2019-05-28', 'customer_3811559046529.jpg', NULL, NULL, 0, NULL, 1, '2019-05-28 06:28:50', '2019-05-28 06:28:50');

-- --------------------------------------------------------

--
-- Table structure for table `customer_address`
--

CREATE TABLE `customer_address` (
  `id` bigint(20) UNSIGNED NOT NULL,
  `address_type` int(11) NOT NULL,
  `street` varchar(191) COLLATE utf8_unicode_ci NOT NULL,
  `phone` varchar(191) COLLATE utf8_unicode_ci DEFAULT NULL,
  `customer_id` bigint(20) UNSIGNED NOT NULL,
  `district_id` int(10) UNSIGNED NOT NULL,
  `created_at` timestamp NULL DEFAULT NULL,
  `updated_at` timestamp NULL DEFAULT NULL
) ENGINE=InnoDB DEFAULT CHARSET=utf8 COLLATE=utf8_unicode_ci;

--
-- Dumping data for table `customer_address`
--

INSERT INTO `customer_address` (`id`, `address_type`, `street`, `phone`, `customer_id`, `district_id`, `created_at`, `updated_at`) VALUES
(1, 1, 'llkjhsdkfj dslkfj lskdjflk', '017556482134', 4, 6, '2019-05-27 18:28:50', '2019-05-27 18:28:50'),
(2, 1, '65465 423 13241', '017556545344', 4, 11, '2019-05-27 18:28:50', '2019-05-27 18:28:50');

-- --------------------------------------------------------

--
-- Table structure for table `customer_types`
--

CREATE TABLE `customer_types` (
  `id` bigint(20) UNSIGNED NOT NULL,
  `type_name` varchar(191) COLLATE utf8_unicode_ci NOT NULL,
  `discount` int(11) DEFAULT NULL,
  `target_sale` int(11) DEFAULT NULL,
  `created_at` timestamp NULL DEFAULT NULL,
  `updated_at` timestamp NULL DEFAULT NULL
) ENGINE=InnoDB DEFAULT CHARSET=utf8 COLLATE=utf8_unicode_ci;

--
-- Dumping data for table `customer_types`
--

INSERT INTO `customer_types` (`id`, `type_name`, `discount`, `target_sale`, `created_at`, `updated_at`) VALUES
(1, 'Gold', 10, 5000, '2019-05-28 06:26:45', '2019-05-28 06:26:45'),
(2, 'Silver', 5, 3000, '2019-05-28 06:27:00', '2019-05-28 06:27:00');

-- --------------------------------------------------------

--
-- Table structure for table `delivery_agents`
--

CREATE TABLE `delivery_agents` (
  `id` bigint(20) UNSIGNED NOT NULL,
  `name` varchar(191) COLLATE utf8_unicode_ci NOT NULL,
  `mobile` varchar(191) COLLATE utf8_unicode_ci NOT NULL,
  `address` varchar(191) COLLATE utf8_unicode_ci NOT NULL,
  `email` varchar(191) COLLATE utf8_unicode_ci NOT NULL,
  `contact_person_name` varchar(191) COLLATE utf8_unicode_ci NOT NULL,
  `contact_person_phone` varchar(191) COLLATE utf8_unicode_ci NOT NULL,
  `created_at` timestamp NULL DEFAULT NULL,
  `updated_at` timestamp NULL DEFAULT NULL
) ENGINE=InnoDB DEFAULT CHARSET=utf8 COLLATE=utf8_unicode_ci;

--
-- Dumping data for table `delivery_agents`
--

INSERT INTO `delivery_agents` (`id`, `name`, `mobile`, `address`, `email`, `contact_person_name`, `contact_person_phone`, `created_at`, `updated_at`) VALUES
(1, 'SA Paribahan 007', '12546514165', '6422 Torey Rapid Suite 154Durwardborough, SD 95537', 'admin@t.com', 'Jamal', '01166263565', '2019-05-30 02:29:55', '2019-05-30 02:52:57');

-- --------------------------------------------------------

--
-- Table structure for table `delivery_costs`
--

CREATE TABLE `delivery_costs` (
  `id` bigint(20) UNSIGNED NOT NULL,
  `cost_name` varchar(191) COLLATE utf8_unicode_ci DEFAULT NULL,
  `delivery_person` bigint(20) UNSIGNED NOT NULL,
  `created_at` timestamp NULL DEFAULT NULL,
  `updated_at` timestamp NULL DEFAULT NULL
) ENGINE=InnoDB DEFAULT CHARSET=utf8 COLLATE=utf8_unicode_ci;

--
-- Dumping data for table `delivery_costs`
--

INSERT INTO `delivery_costs` (`id`, `cost_name`, `delivery_person`, `created_at`, `updated_at`) VALUES
(8, 'Pant', 1, '2019-06-22 07:12:22', '2019-06-22 07:12:22'),
(9, 'T-Shirt', 2, '2019-06-29 00:44:19', '2019-06-29 00:44:19');

-- --------------------------------------------------------

--
-- Table structure for table `delivery_orders`
--

CREATE TABLE `delivery_orders` (
  `id` bigint(20) UNSIGNED NOT NULL,
  `memo_no` varchar(191) COLLATE utf8_unicode_ci NOT NULL,
  `person_id` bigint(20) UNSIGNED NOT NULL,
  `agent_id` bigint(20) UNSIGNED NOT NULL,
  `delivery_cost_id` bigint(20) UNSIGNED NOT NULL,
  `customer_address_id` bigint(20) UNSIGNED NOT NULL,
  `created_at` timestamp NULL DEFAULT NULL,
  `updated_at` timestamp NULL DEFAULT NULL
) ENGINE=InnoDB DEFAULT CHARSET=utf8 COLLATE=utf8_unicode_ci;

-- --------------------------------------------------------

--
-- Table structure for table `delivery_persons`
--

CREATE TABLE `delivery_persons` (
  `id` bigint(20) UNSIGNED NOT NULL,
  `type` varchar(191) COLLATE utf8_unicode_ci NOT NULL,
  `contact_p_name` varchar(191) COLLATE utf8_unicode_ci NOT NULL,
  `contact_p_phone` varchar(191) COLLATE utf8_unicode_ci NOT NULL,
  `added_by` bigint(20) UNSIGNED NOT NULL,
  `staff_id` bigint(20) UNSIGNED DEFAULT NULL,
  `agent_id` bigint(20) UNSIGNED DEFAULT NULL,
  `created_at` timestamp NULL DEFAULT NULL,
  `updated_at` timestamp NULL DEFAULT NULL
) ENGINE=InnoDB DEFAULT CHARSET=utf8 COLLATE=utf8_unicode_ci;

--
-- Dumping data for table `delivery_persons`
--

INSERT INTO `delivery_persons` (`id`, `type`, `contact_p_name`, `contact_p_phone`, `added_by`, `staff_id`, `agent_id`, `created_at`, `updated_at`) VALUES
(1, 'Staff', 'Usama Muneer', '65464645', 1, 1, NULL, '2019-06-18 05:26:39', '2019-06-18 05:26:39'),
(2, 'Agent', 'aaaaaaaaaaa', '13131', 1, NULL, 1, '2019-06-19 02:37:54', '2019-06-19 02:37:54');

-- --------------------------------------------------------

--
-- Table structure for table `districts`
--

CREATE TABLE `districts` (
  `id` int(2) UNSIGNED NOT NULL,
  `division_id` int(2) UNSIGNED NOT NULL,
  `name` varchar(30) COLLATE utf8_unicode_ci NOT NULL,
  `bn_name` varchar(50) COLLATE utf8_unicode_ci NOT NULL,
  `lat` double NOT NULL,
  `lon` double NOT NULL,
  `website` varchar(100) COLLATE utf8_unicode_ci NOT NULL
) ENGINE=InnoDB DEFAULT CHARSET=utf8 COLLATE=utf8_unicode_ci;

--
-- Dumping data for table `districts`
--

INSERT INTO `districts` (`id`, `division_id`, `name`, `bn_name`, `lat`, `lon`, `website`) VALUES
(1, 3, 'Dhaka', 'ঢাকা', 23.7115253, 90.4111451, 'www.dhaka.gov.bd'),
(2, 3, 'Faridpur', 'ফরিদপুর', 23.6070822, 89.8429406, 'www.faridpur.gov.bd'),
(3, 3, 'Gazipur', 'গাজীপুর', 24.0022858, 90.4264283, 'www.gazipur.gov.bd'),
(4, 3, 'Gopalganj', 'গোপালগঞ্জ', 23.0050857, 89.8266059, 'www.gopalganj.gov.bd'),
(5, 8, 'Jamalpur', 'জামালপুর', 24.937533, 89.937775, 'www.jamalpur.gov.bd'),
(6, 3, 'Kishoreganj', 'কিশোরগঞ্জ', 24.444937, 90.776575, 'www.kishoreganj.gov.bd'),
(7, 3, 'Madaripur', 'মাদারীপুর', 23.164102, 90.1896805, 'www.madaripur.gov.bd'),
(8, 3, 'Manikganj', 'মানিকগঞ্জ', 0, 0, 'www.manikganj.gov.bd'),
(9, 3, 'Munshiganj', 'মুন্সিগঞ্জ', 0, 0, 'www.munshiganj.gov.bd'),
(10, 8, 'Mymensingh', 'ময়মনসিংহ', 0, 0, 'www.mymensingh.gov.bd'),
(11, 3, 'Narayanganj', 'নারায়াণগঞ্জ', 23.63366, 90.496482, 'www.narayanganj.gov.bd'),
(12, 3, 'Narsingdi', 'নরসিংদী', 23.932233, 90.71541, 'www.narsingdi.gov.bd'),
(13, 8, 'Netrokona', 'নেত্রকোণা', 24.870955, 90.727887, 'www.netrokona.gov.bd'),
(14, 3, 'Rajbari', 'রাজবাড়ি', 23.7574305, 89.6444665, 'www.rajbari.gov.bd'),
(15, 3, 'Shariatpur', 'শরীয়তপুর', 0, 0, 'www.shariatpur.gov.bd'),
(16, 8, 'Sherpur', 'শেরপুর', 25.0204933, 90.0152966, 'www.sherpur.gov.bd'),
(17, 3, 'Tangail', 'টাঙ্গাইল', 0, 0, 'www.tangail.gov.bd'),
(18, 5, 'Bogura', 'বগুড়া', 24.8465228, 89.377755, 'www.bogra.gov.bd'),
(19, 5, 'Joypurhat', 'জয়পুরহাট', 0, 0, 'www.joypurhat.gov.bd'),
(20, 5, 'Naogaon', 'নওগাঁ', 0, 0, 'www.naogaon.gov.bd'),
(21, 5, 'Natore', 'নাটোর', 24.420556, 89.000282, 'www.natore.gov.bd'),
(22, 5, 'Nawabganj', 'নবাবগঞ্জ', 24.5965034, 88.2775122, 'www.chapainawabganj.gov.bd'),
(23, 5, 'Pabna', 'পাবনা', 23.998524, 89.233645, 'www.pabna.gov.bd'),
(24, 5, 'Rajshahi', 'রাজশাহী', 0, 0, 'www.rajshahi.gov.bd'),
(25, 5, 'Sirajgonj', 'সিরাজগঞ্জ', 24.4533978, 89.7006815, 'www.sirajganj.gov.bd'),
(26, 6, 'Dinajpur', 'দিনাজপুর', 25.6217061, 88.6354504, 'www.dinajpur.gov.bd'),
(27, 6, 'Gaibandha', 'গাইবান্ধা', 25.328751, 89.528088, 'www.gaibandha.gov.bd'),
(28, 6, 'Kurigram', 'কুড়িগ্রাম', 25.805445, 89.636174, 'www.kurigram.gov.bd'),
(29, 6, 'Lalmonirhat', 'লালমনিরহাট', 0, 0, 'www.lalmonirhat.gov.bd'),
(30, 6, 'Nilphamari', 'নীলফামারী', 25.931794, 88.856006, 'www.nilphamari.gov.bd'),
(31, 6, 'Panchagarh', 'পঞ্চগড়', 26.3411, 88.5541606, 'www.panchagarh.gov.bd'),
(32, 6, 'Rangpur', 'রংপুর', 25.7558096, 89.244462, 'www.rangpur.gov.bd'),
(33, 6, 'Thakurgaon', 'ঠাকুরগাঁও', 26.0336945, 88.4616834, 'www.thakurgaon.gov.bd'),
(34, 1, 'Barguna', 'বরগুনা', 0, 0, 'www.barguna.gov.bd'),
(35, 1, 'Barishal', 'বরিশাল', 0, 0, 'www.barisal.gov.bd'),
(36, 1, 'Bhola', 'ভোলা', 22.685923, 90.648179, 'www.bhola.gov.bd'),
(37, 1, 'Jhalokati', 'ঝালকাঠি', 0, 0, 'www.jhalakathi.gov.bd'),
(38, 1, 'Patuakhali', 'পটুয়াখালী', 22.3596316, 90.3298712, 'www.patuakhali.gov.bd'),
(39, 1, 'Pirojpur', 'পিরোজপুর', 0, 0, 'www.pirojpur.gov.bd'),
(40, 2, 'Bandarban', 'বান্দরবান', 22.1953275, 92.2183773, 'www.bandarban.gov.bd'),
(41, 2, 'Brahmanbaria', 'ব্রাহ্মণবাড়িয়া', 23.9570904, 91.1119286, 'www.brahmanbaria.gov.bd'),
(42, 2, 'Chandpur', 'চাঁদপুর', 23.2332585, 90.6712912, 'www.chandpur.gov.bd'),
(43, 2, 'Chattogram', 'চট্টগ্রাম', 22.335109, 91.834073, 'www.chittagong.gov.bd'),
(44, 2, 'Cumilla', 'কুমিল্লা', 23.4682747, 91.1788135, 'www.comilla.gov.bd'),
(45, 2, 'Cox\'s Bazar', 'কক্সবাজার', 0, 0, 'www.coxsbazar.gov.bd'),
(46, 2, 'Feni', 'ফেনী', 23.023231, 91.3840844, 'www.feni.gov.bd'),
(47, 2, 'Khagrachari', 'খাগড়াছড়ি', 23.119285, 91.984663, 'www.khagrachhari.gov.bd'),
(48, 2, 'Lakshmipur', 'লক্ষ্মীপুর', 22.942477, 90.841184, 'www.lakshmipur.gov.bd'),
(49, 2, 'Noakhali', 'নোয়াখালী', 22.869563, 91.099398, 'www.noakhali.gov.bd'),
(50, 2, 'Rangamati', 'রাঙ্গামাটি', 0, 0, 'www.rangamati.gov.bd'),
(51, 7, 'Habiganj', 'হবিগঞ্জ', 24.374945, 91.41553, 'www.habiganj.gov.bd'),
(52, 7, 'Maulvibazar', 'মৌলভীবাজার', 24.482934, 91.777417, 'www.moulvibazar.gov.bd'),
(53, 7, 'Sunamganj', 'সুনামগঞ্জ', 25.0658042, 91.3950115, 'www.sunamganj.gov.bd'),
(54, 7, 'Sylhet', 'সিলেট', 24.8897956, 91.8697894, 'www.sylhet.gov.bd'),
(55, 4, 'Bagerhat', 'বাগেরহাট', 22.651568, 89.785938, 'www.bagerhat.gov.bd'),
(56, 4, 'Chuadanga', 'চুয়াডাঙ্গা', 23.6401961, 88.841841, 'www.chuadanga.gov.bd'),
(57, 4, 'Jashore', 'যশোর', 23.16643, 89.2081126, 'www.jessore.gov.bd'),
(58, 4, 'Jhenaidah', 'ঝিনাইদহ', 23.5448176, 89.1539213, 'www.jhenaidah.gov.bd'),
(59, 4, 'Khulna', 'খুলনা', 22.815774, 89.568679, 'www.khulna.gov.bd'),
(60, 4, 'Kushtia', 'কুষ্টিয়া', 23.901258, 89.120482, 'www.kushtia.gov.bd'),
(61, 4, 'Magura', 'মাগুরা', 23.487337, 89.419956, 'www.magura.gov.bd'),
(62, 4, 'Meherpur', 'মেহেরপুর', 23.762213, 88.631821, 'www.meherpur.gov.bd'),
(63, 4, 'Narail', 'নড়াইল', 23.172534, 89.512672, 'www.narail.gov.bd'),
(64, 4, 'Satkhira', 'সাতক্ষীরা', 0, 0, 'www.satkhira.gov.bd');

-- --------------------------------------------------------

--
-- Table structure for table `divisions`
--

CREATE TABLE `divisions` (
  `id` int(2) UNSIGNED NOT NULL,
  `name` varchar(30) COLLATE utf8_unicode_ci NOT NULL,
  `bn_name` varchar(50) COLLATE utf8_unicode_ci NOT NULL
) ENGINE=InnoDB DEFAULT CHARSET=utf8 COLLATE=utf8_unicode_ci;

--
-- Dumping data for table `divisions`
--

INSERT INTO `divisions` (`id`, `name`, `bn_name`) VALUES
(1, 'Barishal', 'বরিশাল'),
(2, 'Chattogram', 'চট্টগ্রাম'),
(3, 'Dhaka', 'ঢাকা'),
(4, 'Khulna', 'খুলনা'),
(5, 'Rajshahi', 'রাজশাহী'),
(6, 'Rangpur', 'রংপুর'),
(7, 'Sylhet', 'সিলেট'),
(8, 'Mymensingh', 'ময়মনসিংহ');

-- --------------------------------------------------------

--
-- Table structure for table `migrations`
--

CREATE TABLE `migrations` (
  `id` int(10) UNSIGNED NOT NULL,
  `migration` varchar(191) COLLATE utf8_unicode_ci NOT NULL,
  `batch` int(11) NOT NULL
) ENGINE=InnoDB DEFAULT CHARSET=utf8 COLLATE=utf8_unicode_ci;

--
-- Dumping data for table `migrations`
--

INSERT INTO `migrations` (`id`, `migration`, `batch`) VALUES
(1, '2014_05_22_075645_create_stores_table', 1),
(2, '2014_10_12_000000_create_users_table', 1),
(3, '2014_10_12_100000_create_password_resets_table', 1),
(4, '2019_05_22_083352_create_customer_types_table', 1),
(5, '2019_05_22_083909_create_customers_table', 1),
(6, '2019_05_22_085102_create_points_table', 1),
(7, '2019_05_22_092934_create_suppliers_table', 1),
(8, '2019_05_22_094439_create_supplier_alerts_table', 1),
(9, '2019_05_22_103511_create_brands_table', 1),
(10, '2019_05_22_103745_create_units_table', 1),
(11, '2019_05_22_104446_create_categories_table', 1),
(12, '2019_05_22_105135_create_products_table', 1),
(13, '2019_05_22_115902_create_attributes_table', 1),
(14, '2019_05_23_055956_create_permissions_table', 1),
(15, '2019_05_23_060053_create_roles_table', 1),
(17, '2019_05_28_080254_create_customer_address_table', 1),
(21, '2019_05_29_112444_create_stocks_table', 5),
(22, '2019_06_15_060324_create_promotions_table', 6),
(24, '2019_06_15_091044_create_barcodes_table', 7),
(30, '2019_05_29_060334_create_deliveries_table', 8),
(32, '2020_05_23_060321_pivot', 9);

-- --------------------------------------------------------

--
-- Table structure for table `password_resets`
--

CREATE TABLE `password_resets` (
  `email` varchar(191) COLLATE utf8_unicode_ci NOT NULL,
  `token` varchar(191) COLLATE utf8_unicode_ci NOT NULL,
  `created_at` timestamp NULL DEFAULT NULL
) ENGINE=InnoDB DEFAULT CHARSET=utf8 COLLATE=utf8_unicode_ci;

--
-- Dumping data for table `password_resets`
--

INSERT INTO `password_resets` (`email`, `token`, `created_at`) VALUES
('admin@test.com', '$2y$10$TbKIJkOBEPCqpiGW5s7kEOnOFTHu64t6CltekMXe6nNVwVzfmjD.y', '2019-06-13 01:32:26');

-- --------------------------------------------------------

--
-- Table structure for table `permissions`
--

CREATE TABLE `permissions` (
  `id` int(10) UNSIGNED NOT NULL,
  `slug` varchar(191) COLLATE utf8_unicode_ci NOT NULL,
  `name` varchar(191) COLLATE utf8_unicode_ci NOT NULL,
  `created_at` timestamp NULL DEFAULT NULL,
  `updated_at` timestamp NULL DEFAULT NULL
) ENGINE=InnoDB DEFAULT CHARSET=utf8 COLLATE=utf8_unicode_ci;

--
-- Dumping data for table `permissions`
--

INSERT INTO `permissions` (`id`, `slug`, `name`, `created_at`, `updated_at`) VALUES
(16, 'admin-read', 'Display Administrators Menu', '2019-06-29 05:14:03', '2019-06-29 05:14:03'),
(17, 'admin-show', 'Display Administrators list', '2019-06-29 05:14:03', '2019-06-29 05:14:03'),
(18, 'admin-create', 'Create New Administrator', '2019-06-29 05:14:03', '2019-06-29 05:14:03'),
(19, 'admin-update', 'Update/Edit Administrator', '2019-06-29 05:14:03', '2019-06-29 05:14:03'),
(20, 'admin-delete', 'Delete Administrator', '2019-06-29 05:14:03', '2019-06-29 05:14:03'),
(21, 'role-read', 'Display Role menu', '2019-06-29 05:14:03', '2019-06-29 05:14:03'),
(22, 'role-show', 'Display Role Details', '2019-06-29 05:14:03', '2019-06-29 05:14:03'),
(23, 'role-create', 'Create New Role', '2019-06-29 05:14:03', '2019-06-29 05:14:03'),
(24, 'role-update', 'Update/Edit Role', '2019-06-29 05:14:03', '2019-06-29 05:14:03'),
(25, 'role-delete', 'Delete a Role', '2019-06-29 05:14:03', '2019-06-29 05:14:03'),
(26, 'user-read', 'Display User Menu', '2019-06-29 05:14:03', '2019-06-29 05:14:03'),
(27, 'user-show', 'Display user Details', '2019-06-29 05:14:03', '2019-06-29 05:14:03'),
(28, 'user-create', 'Create New User', '2019-06-29 05:14:03', '2019-06-29 05:14:03'),
(29, 'user-update', 'Update/Edit User', '2019-06-29 05:14:03', '2019-06-29 05:14:03'),
(30, 'user-delete', 'Delete User', '2019-06-29 05:14:03', '2019-06-29 05:14:03');

-- --------------------------------------------------------

--
-- Table structure for table `permission_role`
--

CREATE TABLE `permission_role` (
  `role_id` int(10) UNSIGNED NOT NULL,
  `permission_id` int(10) UNSIGNED NOT NULL
) ENGINE=InnoDB DEFAULT CHARSET=utf8 COLLATE=utf8_unicode_ci;

--
-- Dumping data for table `permission_role`
--

INSERT INTO `permission_role` (`role_id`, `permission_id`) VALUES
(3, 16),
(3, 17),
(3, 18),
(3, 19),
(3, 20),
(3, 21),
(3, 22),
(3, 23),
(3, 24),
(3, 25),
(3, 26),
(3, 27),
(3, 28),
(3, 29),
(3, 30),
(4, 16),
(4, 17),
(4, 18),
(4, 19),
(4, 20),
(4, 21),
(4, 22),
(4, 23),
(4, 24),
(4, 25),
(4, 26),
(4, 27),
(4, 28),
(4, 29),
(4, 30);

-- --------------------------------------------------------

--
-- Table structure for table `points`
--

CREATE TABLE `points` (
  `id` bigint(20) UNSIGNED NOT NULL,
  `earn_rate` int(11) DEFAULT NULL,
  `point` int(11) DEFAULT NULL,
  `redeem_rate` int(11) DEFAULT NULL,
  `created_at` timestamp NULL DEFAULT NULL,
  `updated_at` timestamp NULL DEFAULT NULL
) ENGINE=InnoDB DEFAULT CHARSET=utf8 COLLATE=utf8_unicode_ci;

--
-- Dumping data for table `points`
--

INSERT INTO `points` (`id`, `earn_rate`, `point`, `redeem_rate`, `created_at`, `updated_at`) VALUES
(1, 1000, 1, 10, NULL, NULL);

-- --------------------------------------------------------

--
-- Table structure for table `products`
--

CREATE TABLE `products` (
  `id` bigint(20) UNSIGNED NOT NULL,
  `product_code` varchar(191) COLLATE utf8_unicode_ci DEFAULT NULL,
  `name` varchar(191) COLLATE utf8_unicode_ci NOT NULL,
  `buy_price` int(11) NOT NULL,
  `sell_price` int(11) NOT NULL,
  `is_vatable` tinyint(1) NOT NULL,
  `minimum_stock` int(11) NOT NULL DEFAULT '0',
  `img` varchar(191) COLLATE utf8_unicode_ci DEFAULT NULL,
  `description` varchar(191) COLLATE utf8_unicode_ci DEFAULT NULL,
  `category_id` bigint(20) UNSIGNED NOT NULL,
  `brand_id` bigint(20) UNSIGNED NOT NULL,
  `unit_id` bigint(20) UNSIGNED NOT NULL,
  `supplier_id` bigint(20) UNSIGNED DEFAULT NULL,
  `created_at` timestamp NULL DEFAULT NULL,
  `updated_at` timestamp NULL DEFAULT NULL
) ENGINE=InnoDB DEFAULT CHARSET=utf8 COLLATE=utf8_unicode_ci;

--
-- Dumping data for table `products`
--

INSERT INTO `products` (`id`, `product_code`, `name`, `buy_price`, `sell_price`, `is_vatable`, `minimum_stock`, `img`, `description`, `category_id`, `brand_id`, `unit_id`, `supplier_id`, `created_at`, `updated_at`) VALUES
(1, '6546546', 'Osaka', 1200, 1500, 1, 12, 'product_NWcI8X.jpg', 'fdgvdfsgsdfg', 1, 1, 1, 1, '2019-06-13 05:38:52', '2019-06-13 05:38:52');

-- --------------------------------------------------------

--
-- Table structure for table `product_promotion`
--

CREATE TABLE `product_promotion` (
  `product_id` bigint(20) UNSIGNED NOT NULL,
  `promotion_id` bigint(20) UNSIGNED NOT NULL
) ENGINE=InnoDB DEFAULT CHARSET=utf8 COLLATE=utf8_unicode_ci;

-- --------------------------------------------------------

--
-- Table structure for table `promotions`
--

CREATE TABLE `promotions` (
  `id` bigint(20) UNSIGNED NOT NULL,
  `title` varchar(191) COLLATE utf8_unicode_ci NOT NULL,
  `type` tinyint(4) NOT NULL,
  `store_id` bigint(20) UNSIGNED NOT NULL,
  `start_from` date NOT NULL,
  `end_to` date NOT NULL,
  `discount_type` tinyint(4) NOT NULL,
  `discount_amount` int(11) NOT NULL,
  `status` tinyint(1) NOT NULL,
  `description` text COLLATE utf8_unicode_ci NOT NULL,
  `created_at` timestamp NULL DEFAULT NULL,
  `updated_at` timestamp NULL DEFAULT NULL
) ENGINE=InnoDB DEFAULT CHARSET=utf8 COLLATE=utf8_unicode_ci;

--
-- Dumping data for table `promotions`
--

INSERT INTO `promotions` (`id`, `title`, `type`, `store_id`, `start_from`, `end_to`, `discount_type`, `discount_amount`, `status`, `description`, `created_at`, `updated_at`) VALUES
(1, 'Test', 2, 1, '2019-05-28', '2019-06-11', 3, 4546, 2, 'fadsgfdsgf', '2019-06-27 06:29:28', '2019-06-27 06:29:28');

-- --------------------------------------------------------

--
-- Table structure for table `purchases`
--

CREATE TABLE `purchases` (
  `id` bigint(20) UNSIGNED NOT NULL,
  `invoice_no` int(11) NOT NULL,
  `memo` varchar(191) COLLATE utf8_unicode_ci DEFAULT NULL,
  `date` date NOT NULL,
  `price` int(11) NOT NULL,
  `supplier_id` bigint(20) UNSIGNED NOT NULL,
  `created_at` timestamp NULL DEFAULT NULL,
  `updated_at` timestamp NULL DEFAULT NULL
) ENGINE=InnoDB DEFAULT CHARSET=utf8 COLLATE=utf8_unicode_ci;

--
-- Dumping data for table `purchases`
--

INSERT INTO `purchases` (`id`, `invoice_no`, `memo`, `date`, `price`, `supplier_id`, `created_at`, `updated_at`) VALUES
(1, 564654, 'memo_4fNueS.png', '2019-06-12', 545, 2, '2019-06-16 05:41:49', '2019-06-16 05:41:49');

-- --------------------------------------------------------

--
-- Table structure for table `purchase_item`
--

CREATE TABLE `purchase_item` (
  `id` bigint(20) UNSIGNED NOT NULL,
  `quantity` int(11) NOT NULL,
  `price` int(11) NOT NULL,
  `purchase_id` bigint(20) UNSIGNED NOT NULL,
  `product_id` bigint(20) UNSIGNED NOT NULL,
  `created_at` timestamp NULL DEFAULT NULL,
  `updated_at` timestamp NULL DEFAULT NULL
) ENGINE=InnoDB DEFAULT CHARSET=utf8 COLLATE=utf8_unicode_ci;

--
-- Dumping data for table `purchase_item`
--

INSERT INTO `purchase_item` (`id`, `quantity`, `price`, `purchase_id`, `product_id`, `created_at`, `updated_at`) VALUES
(1, 100, 545, 1, 1, '2019-06-17 04:21:00', '2019-06-17 04:21:00');

-- --------------------------------------------------------

--
-- Table structure for table `roles`
--

CREATE TABLE `roles` (
  `id` int(10) UNSIGNED NOT NULL,
  `slug` varchar(191) COLLATE utf8_unicode_ci NOT NULL,
  `name` varchar(191) COLLATE utf8_unicode_ci NOT NULL,
  `created_at` timestamp NULL DEFAULT NULL,
  `updated_at` timestamp NULL DEFAULT NULL
) ENGINE=InnoDB DEFAULT CHARSET=utf8 COLLATE=utf8_unicode_ci;

--
-- Dumping data for table `roles`
--

INSERT INTO `roles` (`id`, `slug`, `name`, `created_at`, `updated_at`) VALUES
(3, 'developer', 'Front-end Developer', '2019-06-29 05:14:03', '2019-06-29 05:14:03'),
(4, 'manager', 'Assistant Manager', '2019-06-29 05:14:04', '2019-06-29 05:14:04');

-- --------------------------------------------------------

--
-- Table structure for table `role_user`
--

CREATE TABLE `role_user` (
  `user_id` bigint(20) UNSIGNED NOT NULL,
  `role_id` int(10) UNSIGNED NOT NULL
) ENGINE=InnoDB DEFAULT CHARSET=utf8 COLLATE=utf8_unicode_ci;

--
-- Dumping data for table `role_user`
--

INSERT INTO `role_user` (`user_id`, `role_id`) VALUES
(3, 3),
(4, 4);

-- --------------------------------------------------------

--
-- Table structure for table `stocks`
--

CREATE TABLE `stocks` (
  `id` bigint(20) UNSIGNED NOT NULL,
  `quantity` int(11) NOT NULL,
  `date` date NOT NULL,
  `store_id` bigint(20) UNSIGNED NOT NULL,
  `purchase_item_id` bigint(20) UNSIGNED NOT NULL,
  `created_at` timestamp NULL DEFAULT NULL,
  `updated_at` timestamp NULL DEFAULT NULL
) ENGINE=InnoDB DEFAULT CHARSET=utf8 COLLATE=utf8_unicode_ci;

--
-- Dumping data for table `stocks`
--

INSERT INTO `stocks` (`id`, `quantity`, `date`, `store_id`, `purchase_item_id`, `created_at`, `updated_at`) VALUES
(1, 50, '2012-03-06', 1, 1, '2019-06-17 04:51:14', '2019-06-17 06:52:09'),
(2, 100, '2012-03-06', 1, 1, '2019-06-17 04:51:31', '2019-06-17 04:51:31');

-- --------------------------------------------------------

--
-- Table structure for table `stores`
--

CREATE TABLE `stores` (
  `id` bigint(20) UNSIGNED NOT NULL,
  `name` varchar(191) COLLATE utf8_unicode_ci NOT NULL,
  `email` varchar(191) COLLATE utf8_unicode_ci NOT NULL,
  `phone` varchar(191) COLLATE utf8_unicode_ci NOT NULL,
  `city` varchar(191) COLLATE utf8_unicode_ci NOT NULL,
  `location` varchar(191) COLLATE utf8_unicode_ci NOT NULL,
  `address` varchar(191) COLLATE utf8_unicode_ci NOT NULL,
  `post_code` varchar(191) COLLATE utf8_unicode_ci DEFAULT NULL,
  `vat_no` varchar(191) COLLATE utf8_unicode_ci NOT NULL,
  `logo` varchar(191) COLLATE utf8_unicode_ci DEFAULT NULL,
  `description` text COLLATE utf8_unicode_ci,
  `created_at` timestamp NULL DEFAULT NULL,
  `updated_at` timestamp NULL DEFAULT NULL
) ENGINE=InnoDB DEFAULT CHARSET=utf8 COLLATE=utf8_unicode_ci;

--
-- Dumping data for table `stores`
--

INSERT INTO `stores` (`id`, `name`, `email`, `phone`, `city`, `location`, `address`, `post_code`, `vat_no`, `logo`, `description`, `created_at`, `updated_at`) VALUES
(1, 'Salman', 'admin@t.com', '01736555677', 'Dhaka', 'Dhaka', 'gfdfg', '1542', '15', 'store_q5rtOQ.jpg', 'sdfsfd', '2019-06-13 05:41:09', '2019-06-13 05:41:09');

-- --------------------------------------------------------

--
-- Table structure for table `suppliers`
--

CREATE TABLE `suppliers` (
  `id` bigint(20) UNSIGNED NOT NULL,
  `supplier_code` varchar(191) COLLATE utf8_unicode_ci DEFAULT NULL,
  `supplier_name` varchar(191) COLLATE utf8_unicode_ci NOT NULL,
  `contact_person` varchar(191) COLLATE utf8_unicode_ci NOT NULL,
  `email` varchar(191) COLLATE utf8_unicode_ci NOT NULL,
  `phone` varchar(191) COLLATE utf8_unicode_ci NOT NULL,
  `store_name` varchar(191) COLLATE utf8_unicode_ci DEFAULT NULL,
  `vat_reg_num` varchar(191) COLLATE utf8_unicode_ci NOT NULL,
  `img` varchar(191) COLLATE utf8_unicode_ci DEFAULT NULL,
  `address` varchar(191) COLLATE utf8_unicode_ci NOT NULL,
  `upazila_id` int(10) UNSIGNED NOT NULL,
  `description` text COLLATE utf8_unicode_ci,
  `created_at` timestamp NULL DEFAULT NULL,
  `updated_at` timestamp NULL DEFAULT NULL
) ENGINE=InnoDB DEFAULT CHARSET=utf8 COLLATE=utf8_unicode_ci;

--
-- Dumping data for table `suppliers`
--

INSERT INTO `suppliers` (`id`, `supplier_code`, `supplier_name`, `contact_person`, `email`, `phone`, `store_name`, `vat_reg_num`, `img`, `address`, `upazila_id`, `description`, `created_at`, `updated_at`) VALUES
(1, '65465465', 'GK Fashion', 'Mohammad Ali', 'salman.hider@d.com', '1-550-36 x9721', 'GK Fashion', '564654hg', 'supplier_jOPYUg.png', 'ffdgfgdg', 10, 'dfgsdfg', '2019-06-13 05:38:20', '2019-06-13 05:38:20'),
(2, '6545', 'Bakulo', 'Ali', 'cruicksuhank.gianni@yahoo.com', '65462165414', 'Bakulo', '654', 'supplier_JUAKWI.jpg', 'uyufrgyf hfghj', 2, 'lkjghg', '2019-06-16 03:11:45', '2019-06-16 03:11:45');

-- --------------------------------------------------------

--
-- Table structure for table `supplier_alerts`
--

CREATE TABLE `supplier_alerts` (
  `id` bigint(20) UNSIGNED NOT NULL,
  `amount` int(10) UNSIGNED NOT NULL,
  `notification_date` date NOT NULL,
  `payment_date` date NOT NULL,
  `supplier_id` bigint(20) UNSIGNED NOT NULL,
  `status` tinyint(1) NOT NULL DEFAULT '0',
  `created_at` timestamp NULL DEFAULT NULL,
  `updated_at` timestamp NULL DEFAULT NULL
) ENGINE=InnoDB DEFAULT CHARSET=utf8 COLLATE=utf8_unicode_ci;

-- --------------------------------------------------------

--
-- Table structure for table `units`
--

CREATE TABLE `units` (
  `id` bigint(20) UNSIGNED NOT NULL,
  `name` varchar(191) COLLATE utf8_unicode_ci NOT NULL,
  `description` varchar(191) COLLATE utf8_unicode_ci DEFAULT NULL,
  `created_at` timestamp NULL DEFAULT NULL,
  `updated_at` timestamp NULL DEFAULT NULL
) ENGINE=InnoDB DEFAULT CHARSET=utf8 COLLATE=utf8_unicode_ci;

--
-- Dumping data for table `units`
--

INSERT INTO `units` (`id`, `name`, `description`, `created_at`, `updated_at`) VALUES
(1, 'Pcs', NULL, '2019-06-13 05:30:14', '2019-06-13 05:30:14');

-- --------------------------------------------------------

--
-- Table structure for table `upazilas`
--

CREATE TABLE `upazilas` (
  `id` int(2) UNSIGNED NOT NULL,
  `district_id` int(2) UNSIGNED NOT NULL,
  `name` varchar(30) COLLATE utf8_unicode_ci NOT NULL,
  `bn_name` varchar(50) COLLATE utf8_unicode_ci NOT NULL
) ENGINE=InnoDB DEFAULT CHARSET=utf8 COLLATE=utf8_unicode_ci;

--
-- Dumping data for table `upazilas`
--

INSERT INTO `upazilas` (`id`, `district_id`, `name`, `bn_name`) VALUES
(1, 34, 'Amtali Upazila', 'আমতলী'),
(2, 34, 'Bamna Upazila', 'বামনা'),
(3, 34, 'Barguna Sadar Upazila', 'বরগুনাসদর'),
(4, 34, 'Betagi Upazila', 'বেতাগি'),
(5, 34, 'Patharghata Upazila', 'পাথরঘাটা'),
(6, 34, 'Taltali Upazila', 'তালতলী'),
(7, 35, 'Muladi Upazila', 'মুলাদি'),
(8, 35, 'Babuganj Upazila', 'বাবুগঞ্জ'),
(9, 35, 'Agailjhara Upazila', 'আগাইলঝরা'),
(10, 35, 'Barisal Sadar Upazila', 'বরিশালসদর'),
(11, 35, 'Bakerganj Upazila', 'বাকেরগঞ্জ'),
(12, 35, 'Banaripara Upazila', 'বানাড়িপারা'),
(13, 35, 'Gaurnadi Upazila', 'গৌরনদী'),
(14, 35, 'Hizla Upazila', 'হিজলা'),
(15, 35, 'Mehendiganj Upazila', 'মেহেদিগঞ্জ'),
(16, 35, 'Wazirpur Upazila', 'ওয়াজিরপুর'),
(17, 36, 'Bhola Sadar Upazila', 'ভোলাসদর'),
(18, 36, 'Burhanuddin Upazila', 'বুরহানউদ্দিন'),
(19, 36, 'Char Fasson Upazila', 'চরফ্যাশন'),
(20, 36, 'Daulatkhan Upazila', 'দৌলতখান'),
(21, 36, 'Lalmohan Upazila', 'লালমোহন'),
(22, 36, 'Manpura Upazila', 'মনপুরা'),
(23, 36, 'Tazumuddin Upazila', 'তাজুমুদ্দিন'),
(24, 37, 'Jhalokati Sadar Upazila', 'ঝালকাঠিসদর'),
(25, 37, 'Kathalia Upazila', 'কাঁঠালিয়া'),
(26, 37, 'Nalchity Upazila', 'নালচিতি'),
(27, 37, 'Rajapur Upazila', 'রাজাপুর'),
(28, 38, 'Bauphal Upazila', 'বাউফল'),
(29, 38, 'Dashmina Upazila', 'দশমিনা'),
(30, 38, 'Galachipa Upazila', 'গলাচিপা'),
(31, 38, 'Kalapara Upazila', 'কালাপারা'),
(32, 38, 'Mirzaganj Upazila', 'মির্জাগঞ্জ'),
(33, 38, 'Patuakhali Sadar Upazila', 'পটুয়াখালীসদর'),
(34, 38, 'Dumki Upazila', 'ডুমকি'),
(35, 38, 'Rangabali Upazila', 'রাঙ্গাবালি'),
(36, 39, 'Bhandaria', 'ভ্যান্ডারিয়া'),
(37, 39, 'Kaukhali', 'কাউখালি'),
(38, 39, 'Mathbaria', 'মাঠবাড়িয়া'),
(39, 39, 'Nazirpur', 'নাজিরপুর'),
(40, 39, 'Nesarabad', 'নেসারাবাদ'),
(41, 39, 'Pirojpur Sadar', 'পিরোজপুরসদর'),
(42, 39, 'Zianagar', 'জিয়ানগর'),
(43, 40, 'Bandarban Sadar', 'বান্দরবনসদর'),
(44, 40, 'Thanchi', 'থানচি'),
(45, 40, 'Lama', 'লামা'),
(46, 40, 'Naikhongchhari', 'নাইখংছড়ি'),
(47, 40, 'Ali kadam', 'আলীকদম'),
(48, 40, 'Rowangchhari', 'রউয়াংছড়ি'),
(49, 40, 'Ruma', 'রুমা'),
(50, 41, 'Brahmanbaria Sadar Upazila', 'ব্রাহ্মণবাড়িয়াসদর'),
(51, 41, 'Ashuganj Upazila', 'আশুগঞ্জ'),
(52, 41, 'Nasirnagar Upazila', 'নাসিরনগর'),
(53, 41, 'Nabinagar Upazila', 'নবীনগর'),
(54, 41, 'Sarail Upazila', 'সরাইল'),
(55, 41, 'Shahbazpur Town', 'শাহবাজপুরটাউন'),
(56, 41, 'Kasba Upazila', 'কসবা'),
(57, 41, 'Akhaura Upazila', 'আখাউরা'),
(58, 41, 'Bancharampur Upazila', 'বাঞ্ছারামপুর'),
(59, 41, 'Bijoynagar Upazila', 'বিজয়নগর'),
(60, 42, 'Chandpur Sadar', 'চাঁদপুরসদর'),
(61, 42, 'Faridganj', 'ফরিদগঞ্জ'),
(62, 42, 'Haimchar', 'হাইমচর'),
(63, 42, 'Haziganj', 'হাজীগঞ্জ'),
(64, 42, 'Kachua', 'কচুয়া'),
(65, 42, 'Matlab Uttar', 'মতলবউত্তর'),
(66, 42, 'Matlab Dakkhin', 'মতলবদক্ষিণ'),
(67, 42, 'Shahrasti', 'শাহরাস্তি'),
(68, 43, 'Anwara Upazila', 'আনোয়ারা'),
(69, 43, 'Banshkhali Upazila', 'বাশখালি'),
(70, 43, 'Boalkhali Upazila', 'বোয়ালখালি'),
(71, 43, 'Chandanaish Upazila', 'চন্দনাইশ'),
(72, 43, 'Fatikchhari Upazila', 'ফটিকছড়ি'),
(73, 43, 'Hathazari Upazila', 'হাঠহাজারী'),
(74, 43, 'Lohagara Upazila', 'লোহাগারা'),
(75, 43, 'Mirsharai Upazila', 'মিরসরাই'),
(76, 43, 'Patiya Upazila', 'পটিয়া'),
(77, 43, 'Rangunia Upazila', 'রাঙ্গুনিয়া'),
(78, 43, 'Raozan Upazila', 'রাউজান'),
(79, 43, 'Sandwip Upazila', 'সন্দ্বীপ'),
(80, 43, 'Satkania Upazila', 'সাতকানিয়া'),
(81, 43, 'Sitakunda Upazila', 'সীতাকুণ্ড'),
(82, 44, 'Barura Upazila', 'বড়ুরা'),
(83, 44, 'Brahmanpara Upazila', 'ব্রাহ্মণপাড়া'),
(84, 44, 'Burichong Upazila', 'বুড়িচং'),
(85, 44, 'Chandina Upazila', 'চান্দিনা'),
(86, 44, 'Chauddagram Upazila', 'চৌদ্দগ্রাম'),
(87, 44, 'Daudkandi Upazila', 'দাউদকান্দি'),
(88, 44, 'Debidwar Upazila', 'দেবীদ্বার'),
(89, 44, 'Homna Upazila', 'হোমনা'),
(90, 44, 'Comilla Sadar Upazila', 'কুমিল্লাসদর'),
(91, 44, 'Laksam Upazila', 'লাকসাম'),
(92, 44, 'Monohorgonj Upazila', 'মনোহরগঞ্জ'),
(93, 44, 'Meghna Upazila', 'মেঘনা'),
(94, 44, 'Muradnagar Upazila', 'মুরাদনগর'),
(95, 44, 'Nangalkot Upazila', 'নাঙ্গালকোট'),
(96, 44, 'Comilla Sadar South Upazila', 'কুমিল্লাসদরদক্ষিণ'),
(97, 44, 'Titas Upazila', 'তিতাস'),
(98, 45, 'Chakaria Upazila', 'চকরিয়া'),
(100, 45, 'Cox\'s Bazar Sadar Upazila', 'কক্সবাজারসদর'),
(101, 45, 'Kutubdia Upazila', 'কুতুবদিয়া'),
(102, 45, 'Maheshkhali Upazila', 'মহেশখালী'),
(103, 45, 'Ramu Upazila', 'রামু'),
(104, 45, 'Teknaf Upazila', 'টেকনাফ'),
(105, 45, 'Ukhia Upazila', 'উখিয়া'),
(106, 45, 'Pekua Upazila', 'পেকুয়া'),
(107, 46, 'Feni Sadar', 'ফেনীসদর'),
(108, 46, 'Chagalnaiya', 'ছাগলনাইয়া'),
(109, 46, 'Daganbhyan', 'দাগানভিয়া'),
(110, 46, 'Parshuram', 'পরশুরাম'),
(111, 46, 'Fhulgazi', 'ফুলগাজি'),
(112, 46, 'Sonagazi', 'সোনাগাজি'),
(113, 47, 'Dighinala Upazila', 'দিঘিনালা'),
(114, 47, 'Khagrachhari Upazila', 'খাগড়াছড়ি'),
(115, 47, 'Lakshmichhari Upazila', 'লক্ষ্মীছড়ি'),
(116, 47, 'Mahalchhari Upazila', 'মহলছড়ি'),
(117, 47, 'Manikchhari Upazila', 'মানিকছড়ি'),
(118, 47, 'Matiranga Upazila', 'মাটিরাঙ্গা'),
(119, 47, 'Panchhari Upazila', 'পানছড়ি'),
(120, 47, 'Ramgarh Upazila', 'রামগড়'),
(121, 48, 'Lakshmipur Sadar Upazila', 'লক্ষ্মীপুরসদর'),
(122, 48, 'Raipur Upazila', 'রায়পুর'),
(123, 48, 'Ramganj Upazila', 'রামগঞ্জ'),
(124, 48, 'Ramgati Upazila', 'রামগতি'),
(125, 48, 'Komol Nagar Upazila', 'কমলনগর'),
(126, 49, 'Noakhali Sadar Upazila', 'নোয়াখালীসদর'),
(127, 49, 'Begumganj Upazila', 'বেগমগঞ্জ'),
(128, 49, 'Chatkhil Upazila', 'চাটখিল'),
(129, 49, 'Companyganj Upazila', 'কোম্পানীগঞ্জ'),
(130, 49, 'Shenbag Upazila', 'শেনবাগ'),
(131, 49, 'Hatia Upazila', 'হাতিয়া'),
(132, 49, 'Kobirhat Upazila', 'কবিরহাট'),
(133, 49, 'Sonaimuri Upazila', 'সোনাইমুরি'),
(134, 49, 'Suborno Char Upazila', 'সুবর্ণচর'),
(135, 50, 'Rangamati Sadar Upazila', 'রাঙ্গামাটিসদর'),
(136, 50, 'Belaichhari Upazila', 'বেলাইছড়ি'),
(137, 50, 'Bagaichhari Upazila', 'বাঘাইছড়ি'),
(138, 50, 'Barkal Upazila', 'বরকল'),
(139, 50, 'Juraichhari Upazila', 'জুরাইছড়ি'),
(140, 50, 'Rajasthali Upazila', 'রাজাস্থলি'),
(141, 50, 'Kaptai Upazila', 'কাপ্তাই'),
(142, 50, 'Langadu Upazila', 'লাঙ্গাডু'),
(143, 50, 'Nannerchar Upazila', 'নান্নেরচর'),
(144, 50, 'Kaukhali Upazila', 'কাউখালি'),
(145, 1, 'Dhamrai Upazila', 'ধামরাই'),
(146, 1, 'Dohar Upazila', 'দোহার'),
(147, 1, 'Keraniganj Upazila', 'কেরানীগঞ্জ'),
(148, 1, 'Nawabganj Upazila', 'নবাবগঞ্জ'),
(149, 1, 'Savar Upazila', 'সাভার'),
(150, 2, 'Faridpur Sadar Upazila', 'ফরিদপুরসদর'),
(151, 2, 'Boalmari Upazila', 'বোয়ালমারী'),
(152, 2, 'Alfadanga Upazila', 'আলফাডাঙ্গা'),
(153, 2, 'Madhukhali Upazila', 'মধুখালি'),
(154, 2, 'Bhanga Upazila', 'ভাঙ্গা'),
(155, 2, 'Nagarkanda Upazila', 'নগরকান্ড'),
(156, 2, 'Charbhadrasan Upazila', 'চরভদ্রাসন'),
(157, 2, 'Sadarpur Upazila', 'সদরপুর'),
(158, 2, 'Shaltha Upazila', 'শালথা'),
(159, 3, 'Gazipur Sadar-Joydebpur', 'গাজীপুরসদর'),
(160, 3, 'Kaliakior', 'কালিয়াকৈর'),
(161, 3, 'Kapasia', 'কাপাসিয়া'),
(162, 3, 'Sripur', 'শ্রীপুর'),
(163, 3, 'Kaliganj', 'কালীগঞ্জ'),
(164, 3, 'Tongi', 'টঙ্গি'),
(165, 4, 'Gopalganj Sadar Upazila', 'গোপালগঞ্জসদর'),
(166, 4, 'Kashiani Upazila', 'কাশিয়ানি'),
(167, 4, 'Kotalipara Upazila', 'কোটালিপাড়া'),
(168, 4, 'Muksudpur Upazila', 'মুকসুদপুর'),
(169, 4, 'Tungipara Upazila', 'টুঙ্গিপাড়া'),
(170, 5, 'Dewanganj Upazila', 'দেওয়ানগঞ্জ'),
(171, 5, 'Baksiganj Upazila', 'বকসিগঞ্জ'),
(172, 5, 'Islampur Upazila', 'ইসলামপুর'),
(173, 5, 'Jamalpur Sadar Upazila', 'জামালপুরসদর'),
(174, 5, 'Madarganj Upazila', 'মাদারগঞ্জ'),
(175, 5, 'Melandaha Upazila', 'মেলানদাহা'),
(176, 5, 'Sarishabari Upazila', 'সরিষাবাড়ি'),
(177, 5, 'Narundi Police I.C', 'নারুন্দি'),
(178, 6, 'Astagram Upazila', 'অষ্টগ্রাম'),
(179, 6, 'Bajitpur Upazila', 'বাজিতপুর'),
(180, 6, 'Bhairab Upazila', 'ভৈরব'),
(181, 6, 'Hossainpur Upazila', 'হোসেনপুর'),
(182, 6, 'Itna Upazila', 'ইটনা'),
(183, 6, 'Karimganj Upazila', 'করিমগঞ্জ'),
(184, 6, 'Katiadi Upazila', 'কতিয়াদি'),
(185, 6, 'Kishoreganj Sadar Upazila', 'কিশোরগঞ্জসদর'),
(186, 6, 'Kuliarchar Upazila', 'কুলিয়ারচর'),
(187, 6, 'Mithamain Upazila', 'মিঠামাইন'),
(188, 6, 'Nikli Upazila', 'নিকলি'),
(189, 6, 'Pakundia Upazila', 'পাকুন্ডা'),
(190, 6, 'Tarail Upazila', 'তাড়াইল'),
(191, 7, 'Madaripur Sadar', 'মাদারীপুরসদর'),
(192, 7, 'Kalkini', 'কালকিনি'),
(193, 7, 'Rajoir', 'রাজইর'),
(194, 7, 'Shibchar', 'শিবচর'),
(195, 8, 'Manikganj Sadar Upazila', 'মানিকগঞ্জসদর'),
(196, 8, 'Singair Upazila', 'সিঙ্গাইর'),
(197, 8, 'Shibalaya Upazila', 'শিবালয়'),
(198, 8, 'Saturia Upazila', 'সাঠুরিয়া'),
(199, 8, 'Harirampur Upazila', 'হরিরামপুর'),
(200, 8, 'Ghior Upazila', 'ঘিওর'),
(201, 8, 'Daulatpur Upazila', 'দৌলতপুর'),
(202, 9, 'Lohajang Upazila', 'লোহাজং'),
(203, 9, 'Sreenagar Upazila', 'শ্রীনগর'),
(204, 9, 'Munshiganj Sadar Upazila', 'মুন্সিগঞ্জসদর'),
(205, 9, 'Sirajdikhan Upazila', 'সিরাজদিখান'),
(206, 9, 'Tongibari Upazila', 'টঙ্গিবাড়ি'),
(207, 9, 'Gazaria Upazila', 'গজারিয়া'),
(208, 10, 'Bhaluka', 'ভালুকা'),
(209, 10, 'Trishal', 'ত্রিশাল'),
(210, 10, 'Haluaghat', 'হালুয়াঘাট'),
(211, 10, 'Muktagachha', 'মুক্তাগাছা'),
(212, 10, 'Dhobaura', 'ধবারুয়া'),
(213, 10, 'Fulbaria', 'ফুলবাড়িয়া'),
(214, 10, 'Gaffargaon', 'গফরগাঁও'),
(215, 10, 'Gauripur', 'গৌরিপুর'),
(216, 10, 'Ishwarganj', 'ঈশ্বরগঞ্জ'),
(217, 10, 'Mymensingh Sadar', 'ময়মনসিংসদর'),
(218, 10, 'Nandail', 'নন্দাইল'),
(219, 10, 'Phulpur', 'ফুলপুর'),
(220, 11, 'Araihazar Upazila', 'আড়াইহাজার'),
(221, 11, 'Sonargaon Upazila', 'সোনারগাঁও'),
(222, 11, 'Bandar', 'বান্দার'),
(223, 11, 'Naryanganj Sadar Upazila', 'নারায়ানগঞ্জসদর'),
(224, 11, 'Rupganj Upazila', 'রূপগঞ্জ'),
(225, 11, 'Siddirgonj Upazila', 'সিদ্ধিরগঞ্জ'),
(226, 12, 'Belabo Upazila', 'বেলাবো'),
(227, 12, 'Monohardi Upazila', 'মনোহরদি'),
(228, 12, 'Narsingdi Sadar Upazila', 'নরসিংদীসদর'),
(229, 12, 'Palash Upazila', 'পলাশ'),
(230, 12, 'Raipura Upazila, Narsingdi', 'রায়পুর'),
(231, 12, 'Shibpur Upazila', 'শিবপুর'),
(232, 13, 'Kendua Upazilla', 'কেন্দুয়া'),
(233, 13, 'Atpara Upazilla', 'আটপাড়া'),
(234, 13, 'Barhatta Upazilla', 'বরহাট্টা'),
(235, 13, 'Durgapur Upazilla', 'দুর্গাপুর'),
(236, 13, 'Kalmakanda Upazilla', 'কলমাকান্দা'),
(237, 13, 'Madan Upazilla', 'মদন'),
(238, 13, 'Mohanganj Upazilla', 'মোহনগঞ্জ'),
(239, 13, 'Netrakona-S Upazilla', 'নেত্রকোনাসদর'),
(240, 13, 'Purbadhala Upazilla', 'পূর্বধলা'),
(241, 13, 'Khaliajuri Upazilla', 'খালিয়াজুরি'),
(242, 14, 'Baliakandi Upazila', 'বালিয়াকান্দি'),
(243, 14, 'Goalandaghat Upazila', 'গোয়ালন্দঘাট'),
(244, 14, 'Pangsha Upazila', 'পাংশা'),
(245, 14, 'Kalukhali Upazila', 'কালুখালি'),
(246, 14, 'Rajbari Sadar Upazila', 'রাজবাড়িসদর'),
(247, 15, 'Shariatpur Sadar -Palong', 'শরীয়তপুরসদর'),
(248, 15, 'Damudya Upazila', 'দামুদিয়া'),
(249, 15, 'Naria Upazila', 'নড়িয়া'),
(250, 15, 'Jajira Upazila', 'জাজিরা'),
(251, 15, 'Bhedarganj Upazila', 'ভেদারগঞ্জ'),
(252, 15, 'Gosairhat Upazila', 'গোসাইরহাট'),
(253, 16, 'Jhenaigati Upazila', 'ঝিনাইগাতি'),
(254, 16, 'Nakla Upazila', 'নাকলা'),
(255, 16, 'Nalitabari Upazila', 'নালিতাবাড়ি'),
(256, 16, 'Sherpur Sadar Upazila', 'শেরপুরসদর'),
(257, 16, 'Sreebardi Upazila', 'শ্রীবরদি'),
(258, 17, 'Tangail Sadar Upazila', 'টাঙ্গাইলসদর'),
(259, 17, 'Sakhipur Upazila', 'সখিপুর'),
(260, 17, 'Basail Upazila', 'বসাইল'),
(261, 17, 'Madhupur Upazila', 'মধুপুর'),
(262, 17, 'Ghatail Upazila', 'ঘাটাইল'),
(263, 17, 'Kalihati Upazila', 'কালিহাতি'),
(264, 17, 'Nagarpur Upazila', 'নগরপুর'),
(265, 17, 'Mirzapur Upazila', 'মির্জাপুর'),
(266, 17, 'Gopalpur Upazila', 'গোপালপুর'),
(267, 17, 'Delduar Upazila', 'দেলদুয়ার'),
(268, 17, 'Bhuapur Upazila', 'ভুয়াপুর'),
(269, 17, 'Dhanbari Upazila', 'ধানবাড়ি'),
(270, 55, 'Bagerhat Sadar Upazila', 'বাগেরহাটসদর'),
(271, 55, 'Chitalmari Upazila', 'চিতলমাড়ি'),
(272, 55, 'Fakirhat Upazila', 'ফকিরহাট'),
(273, 55, 'Kachua Upazila', 'কচুয়া'),
(274, 55, 'Mollahat Upazila', 'মোল্লাহাট'),
(275, 55, 'Mongla Upazila', 'মংলা'),
(276, 55, 'Morrelganj Upazila', 'মরেলগঞ্জ'),
(277, 55, 'Rampal Upazila', 'রামপাল'),
(278, 55, 'Sarankhola Upazila', 'স্মরণখোলা'),
(279, 56, 'Damurhuda Upazila', 'দামুরহুদা'),
(280, 56, 'Chuadanga-S Upazila', 'চুয়াডাঙ্গাসদর'),
(281, 56, 'Jibannagar Upazila', 'জীবননগর'),
(282, 56, 'Alamdanga Upazila', 'আলমডাঙ্গা'),
(283, 57, 'Abhaynagar Upazila', 'অভয়নগর'),
(284, 57, 'Keshabpur Upazila', 'কেশবপুর'),
(285, 57, 'Bagherpara Upazila', 'বাঘেরপাড়া'),
(286, 57, 'Jessore Sadar Upazila', 'যশোরসদর'),
(287, 57, 'Chaugachha Upazila', 'চৌগাছা'),
(288, 57, 'Manirampur Upazila', 'মনিরামপুর'),
(289, 57, 'Jhikargachha Upazila', 'ঝিকরগাছা'),
(290, 57, 'Sharsha Upazila', 'সারশা'),
(291, 58, 'Jhenaidah Sadar Upazila', 'ঝিনাইদহসদর'),
(292, 58, 'Maheshpur Upazila', 'মহেশপুর'),
(293, 58, 'Kaliganj Upazila', 'কালীগঞ্জ'),
(294, 58, 'Kotchandpur Upazila', 'কোটচাঁদপুর'),
(295, 58, 'Shailkupa Upazila', 'শৈলকুপা'),
(296, 58, 'Harinakunda Upazila', 'হাড়িনাকুন্দা'),
(297, 59, 'Terokhada Upazila', 'তেরোখাদা'),
(298, 59, 'Batiaghata Upazila', 'বাটিয়াঘাটা'),
(299, 59, 'Dacope Upazila', 'ডাকপে'),
(300, 59, 'Dumuria Upazila', 'ডুমুরিয়া'),
(301, 59, 'Dighalia Upazila', 'দিঘলিয়া'),
(302, 59, 'Koyra Upazila', 'কয়ড়া'),
(303, 59, 'Paikgachha Upazila', 'পাইকগাছা'),
(304, 59, 'Phultala Upazila', 'ফুলতলা'),
(305, 59, 'Rupsa Upazila', 'রূপসা'),
(306, 60, 'Kushtia Sadar', 'কুষ্টিয়াসদর'),
(307, 60, 'Kumarkhali', 'কুমারখালি'),
(308, 60, 'Daulatpur', 'দৌলতপুর'),
(309, 60, 'Mirpur', 'মিরপুর'),
(310, 60, 'Bheramara', 'ভেরামারা'),
(311, 60, 'Khoksa', 'খোকসা'),
(312, 61, 'Magura Sadar Upazila', 'মাগুরাসদর'),
(313, 61, 'Mohammadpur Upazila', 'মোহাম্মাদপুর'),
(314, 61, 'Shalikha Upazila', 'শালিখা'),
(315, 61, 'Sreepur Upazila', 'শ্রীপুর'),
(316, 62, 'angni Upazila', 'আংনি'),
(317, 62, 'Mujib Nagar Upazila', 'মুজিবনগর'),
(318, 62, 'Meherpur-S Upazila', 'মেহেরপুরসদর'),
(319, 63, 'Narail-S Upazilla', 'নড়াইলসদর'),
(320, 63, 'Lohagara Upazilla', 'লোহাগাড়া'),
(321, 63, 'Kalia Upazilla', 'কালিয়া'),
(322, 64, 'Satkhira Sadar Upazila', 'সাতক্ষীরাসদর'),
(323, 64, 'Assasuni Upazila', 'আসসাশুনি'),
(324, 64, 'Debhata Upazila', 'দেভাটা'),
(325, 64, 'Tala Upazila', 'তালা'),
(326, 64, 'Kalaroa Upazila', 'কলরোয়া'),
(327, 64, 'Kaliganj Upazila', 'কালীগঞ্জ'),
(328, 64, 'Shyamnagar Upazila', 'শ্যামনগর'),
(329, 18, 'Adamdighi', 'আদমদিঘী'),
(330, 18, 'Bogra Sadar', 'বগুড়াসদর'),
(331, 18, 'Sherpur', 'শেরপুর'),
(332, 18, 'Dhunat', 'ধুনট'),
(333, 18, 'Dhupchanchia', 'দুপচাচিয়া'),
(334, 18, 'Gabtali', 'গাবতলি'),
(335, 18, 'Kahaloo', 'কাহালু'),
(336, 18, 'Nandigram', 'নন্দিগ্রাম'),
(337, 18, 'Sahajanpur', 'শাহজাহানপুর'),
(338, 18, 'Sariakandi', 'সারিয়াকান্দি'),
(339, 18, 'Shibganj', 'শিবগঞ্জ'),
(340, 18, 'Sonatala', 'সোনাতলা'),
(341, 19, 'Joypurhat S', 'জয়পুরহাটসদর'),
(342, 19, 'Akkelpur', 'আক্কেলপুর'),
(343, 19, 'Kalai', 'কালাই'),
(344, 19, 'Khetlal', 'খেতলাল'),
(345, 19, 'Panchbibi', 'পাঁচবিবি'),
(346, 20, 'Naogaon Sadar Upazila', 'নওগাঁসদর'),
(347, 20, 'Mohadevpur Upazila', 'মহাদেবপুর'),
(348, 20, 'Manda Upazila', 'মান্দা'),
(349, 20, 'Niamatpur Upazila', 'নিয়ামতপুর'),
(350, 20, 'Atrai Upazila', 'আত্রাই'),
(351, 20, 'Raninagar Upazila', 'রাণীনগর'),
(352, 20, 'Patnitala Upazila', 'পত্নীতলা'),
(353, 20, 'Dhamoirhat Upazila', 'ধামইরহাট'),
(354, 20, 'Sapahar Upazila', 'সাপাহার'),
(355, 20, 'Porsha Upazila', 'পোরশা'),
(356, 20, 'Badalgachhi Upazila', 'বদলগাছি'),
(357, 21, 'Natore Sadar Upazila', 'নাটোরসদর'),
(358, 21, 'Baraigram Upazila', 'বড়াইগ্রাম'),
(359, 21, 'Bagatipara Upazila', 'বাগাতিপাড়া'),
(360, 21, 'Lalpur Upazila', 'লালপুর'),
(361, 21, 'Natore Sadar Upazila', 'নাটোরসদর'),
(362, 21, 'Baraigram Upazila', 'বড়াইগ্রাম'),
(363, 22, 'Bholahat Upazila', 'ভোলাহাট'),
(364, 22, 'Gomastapur Upazila', 'গোমস্তাপুর'),
(365, 22, 'Nachole Upazila', 'নাচোল'),
(366, 22, 'Nawabganj Sadar Upazila', 'নবাবগঞ্জসদর'),
(367, 22, 'Shibganj Upazila', 'শিবগঞ্জ'),
(368, 23, 'Atgharia Upazila', 'আটঘরিয়া'),
(369, 23, 'Bera Upazila', 'বেড়া'),
(370, 23, 'Bhangura Upazila', 'ভাঙ্গুরা'),
(371, 23, 'Chatmohar Upazila', 'চাটমোহর'),
(372, 23, 'Faridpur Upazila', 'ফরিদপুর'),
(373, 23, 'Ishwardi Upazila', 'ঈশ্বরদী'),
(374, 23, 'Pabna Sadar Upazila', 'পাবনাসদর'),
(375, 23, 'Santhia Upazila', 'সাথিয়া'),
(376, 23, 'Sujanagar Upazila', 'সুজানগর'),
(377, 24, 'Bagha', 'বাঘা'),
(378, 24, 'Bagmara', 'বাগমারা'),
(379, 24, 'Charghat', 'চারঘাট'),
(380, 24, 'Durgapur', 'দুর্গাপুর'),
(381, 24, 'Godagari', 'গোদাগারি'),
(382, 24, 'Mohanpur', 'মোহনপুর'),
(383, 24, 'Paba', 'পবা'),
(384, 24, 'Puthia', 'পুঠিয়া'),
(385, 24, 'Tanore', 'তানোর'),
(386, 25, 'Sirajganj Sadar Upazila', 'সিরাজগঞ্জসদর'),
(387, 25, 'Belkuchi Upazila', 'বেলকুচি'),
(388, 25, 'Chauhali Upazila', 'চৌহালি'),
(389, 25, 'Kamarkhanda Upazila', 'কামারখান্দা'),
(390, 25, 'Kazipur Upazila', 'কাজীপুর'),
(391, 25, 'Raiganj Upazila', 'রায়গঞ্জ'),
(392, 25, 'Shahjadpur Upazila', 'শাহজাদপুর'),
(393, 25, 'Tarash Upazila', 'তারাশ'),
(394, 25, 'Ullahpara Upazila', 'উল্লাপাড়া'),
(395, 26, 'Birampur Upazila', 'বিরামপুর'),
(396, 26, 'Birganj', 'বীরগঞ্জ'),
(397, 26, 'Biral Upazila', 'বিড়াল'),
(398, 26, 'Bochaganj Upazila', 'বোচাগঞ্জ'),
(399, 26, 'Chirirbandar Upazila', 'চিরিরবন্দর'),
(400, 26, 'Phulbari Upazila', 'ফুলবাড়ি'),
(401, 26, 'Ghoraghat Upazila', 'ঘোড়াঘাট'),
(402, 26, 'Hakimpur Upazila', 'হাকিমপুর'),
(403, 26, 'Kaharole Upazila', 'কাহারোল'),
(404, 26, 'Khansama Upazila', 'খানসামা'),
(405, 26, 'Dinajpur Sadar Upazila', 'দিনাজপুরসদর'),
(406, 26, 'Nawabganj', 'নবাবগঞ্জ'),
(407, 26, 'Parbatipur Upazila', 'পার্বতীপুর'),
(408, 27, 'Fulchhari', 'ফুলছড়ি'),
(409, 27, 'Gaibandha sadar', 'গাইবান্ধাসদর'),
(410, 27, 'Gobindaganj', 'গোবিন্দগঞ্জ'),
(411, 27, 'Palashbari', 'পলাশবাড়ী'),
(412, 27, 'Sadullapur', 'সাদুল্যাপুর'),
(413, 27, 'Saghata', 'সাঘাটা'),
(414, 27, 'Sundarganj', 'সুন্দরগঞ্জ'),
(415, 28, 'Kurigram Sadar', 'কুড়িগ্রামসদর'),
(416, 28, 'Nageshwari', 'নাগেশ্বরী'),
(417, 28, 'Bhurungamari', 'ভুরুঙ্গামারি'),
(418, 28, 'Phulbari', 'ফুলবাড়ি'),
(419, 28, 'Rajarhat', 'রাজারহাট'),
(420, 28, 'Ulipur', 'উলিপুর'),
(421, 28, 'Chilmari', 'চিলমারি'),
(422, 28, 'Rowmari', 'রউমারি'),
(423, 28, 'Char Rajibpur', 'চররাজিবপুর'),
(424, 29, 'Lalmanirhat Sadar', 'লালমনিরহাটসদর'),
(425, 29, 'Aditmari', 'আদিতমারি'),
(426, 29, 'Kaliganj', 'কালীগঞ্জ'),
(427, 29, 'Hatibandha', 'হাতিবান্ধা'),
(428, 29, 'Patgram', 'পাটগ্রাম'),
(429, 30, 'Nilphamari Sadar', 'নীলফামারীসদর'),
(430, 30, 'Saidpur', 'সৈয়দপুর'),
(431, 30, 'Jaldhaka', 'জলঢাকা'),
(432, 30, 'Kishoreganj', 'কিশোরগঞ্জ'),
(433, 30, 'Domar', 'ডোমার'),
(434, 30, 'Dimla', 'ডিমলা'),
(435, 31, 'Panchagarh Sadar', 'পঞ্চগড়সদর'),
(436, 31, 'Debiganj', 'দেবীগঞ্জ'),
(437, 31, 'Boda', 'বোদা'),
(438, 31, 'Atwari', 'আটোয়ারি'),
(439, 31, 'Tetulia', 'তেতুলিয়া'),
(440, 32, 'Badarganj', 'বদরগঞ্জ'),
(441, 32, 'Mithapukur', 'মিঠাপুকুর'),
(442, 32, 'Gangachara', 'গঙ্গাচরা'),
(443, 32, 'Kaunia', 'কাউনিয়া'),
(444, 32, 'Rangpur Sadar', 'রংপুরসদর'),
(445, 32, 'Pirgachha', 'পীরগাছা'),
(446, 32, 'Pirganj', 'পীরগঞ্জ'),
(447, 32, 'Taraganj', 'তারাগঞ্জ'),
(448, 33, 'Thakurgaon Sadar Upazila', 'ঠাকুরগাঁওসদর'),
(449, 33, 'Pirganj Upazila', 'পীরগঞ্জ'),
(450, 33, 'Baliadangi Upazila', 'বালিয়াডাঙ্গি'),
(451, 33, 'Haripur Upazila', 'হরিপুর'),
(452, 33, 'Ranisankail Upazila', 'রাণীসংকইল'),
(453, 51, 'Ajmiriganj', 'আজমিরিগঞ্জ'),
(454, 51, 'Baniachang', 'বানিয়াচং'),
(455, 51, 'Bahubal', 'বাহুবল'),
(456, 51, 'Chunarughat', 'চুনারুঘাট'),
(457, 51, 'Habiganj Sadar', 'হবিগঞ্জসদর'),
(458, 51, 'Lakhai', 'লাক্ষাই'),
(459, 51, 'Madhabpur', 'মাধবপুর'),
(460, 51, 'Nabiganj', 'নবীগঞ্জ'),
(461, 51, 'Shaistagonj Upazila', 'শায়েস্তাগঞ্জ'),
(462, 52, 'Moulvibazar Sadar', 'মৌলভীবাজার'),
(463, 52, 'Barlekha', 'বড়লেখা'),
(464, 52, 'Juri', 'জুড়ি'),
(465, 52, 'Kamalganj', 'কামালগঞ্জ'),
(466, 52, 'Kulaura', 'কুলাউরা'),
(467, 52, 'Rajnagar', 'রাজনগর'),
(468, 52, 'Sreemangal', 'শ্রীমঙ্গল'),
(469, 53, 'Bishwamvarpur', 'বিসশম্ভারপুর'),
(470, 53, 'Chhatak', 'ছাতক'),
(471, 53, 'Derai', 'দেড়াই'),
(472, 53, 'Dharampasha', 'ধরমপাশা'),
(473, 53, 'Dowarabazar', 'দোয়ারাবাজার'),
(474, 53, 'Jagannathpur', 'জগন্নাথপুর'),
(475, 53, 'Jamalganj', 'জামালগঞ্জ'),
(476, 53, 'Sulla', 'সুল্লা'),
(477, 53, 'Sunamganj Sadar', 'সুনামগঞ্জসদর'),
(478, 53, 'Shanthiganj', 'শান্তিগঞ্জ'),
(479, 53, 'Tahirpur', 'তাহিরপুর'),
(480, 54, 'Sylhet Sadar', 'সিলেটসদর'),
(481, 54, 'Beanibazar', 'বেয়ানিবাজার'),
(482, 54, 'Bishwanath', 'বিশ্বনাথ'),
(483, 54, 'Dakshin Surma Upazila', 'দক্ষিণসুরমা'),
(484, 54, 'Balaganj', 'বালাগঞ্জ'),
(485, 54, 'Companiganj', 'কোম্পানিগঞ্জ'),
(486, 54, 'Fenchuganj', 'ফেঞ্চুগঞ্জ'),
(487, 54, 'Golapganj', 'গোলাপগঞ্জ'),
(488, 54, 'Gowainghat', 'গোয়াইনঘাট'),
(489, 54, 'Jaintiapur', 'জয়ন্তপুর'),
(490, 54, 'Kanaighat', 'কানাইঘাট'),
(491, 54, 'Zakiganj', 'জাকিগঞ্জ'),
(492, 54, 'Nobigonj', 'নবীগঞ্জ');

-- --------------------------------------------------------

--
-- Table structure for table `users`
--

CREATE TABLE `users` (
  `id` bigint(20) UNSIGNED NOT NULL,
  `name` varchar(191) COLLATE utf8_unicode_ci NOT NULL,
  `phone` varchar(191) COLLATE utf8_unicode_ci NOT NULL,
  `email` varchar(191) COLLATE utf8_unicode_ci NOT NULL,
  `address` varchar(191) COLLATE utf8_unicode_ci NOT NULL,
  `upazila_id` int(10) UNSIGNED NOT NULL,
  `job_title` varchar(191) COLLATE utf8_unicode_ci NOT NULL,
  `dob` date NOT NULL,
  `blood_group` varchar(191) COLLATE utf8_unicode_ci NOT NULL,
  `join_date` date NOT NULL,
  `salary` int(11) NOT NULL,
  `nid` varchar(191) COLLATE utf8_unicode_ci DEFAULT NULL,
  `img` varchar(191) COLLATE utf8_unicode_ci DEFAULT NULL,
  `file` varchar(191) COLLATE utf8_unicode_ci DEFAULT NULL,
  `store_id` bigint(20) UNSIGNED DEFAULT NULL,
  `is_access` tinyint(1) NOT NULL,
  `email_verified_at` timestamp NULL DEFAULT NULL,
  `password` varchar(191) COLLATE utf8_unicode_ci NOT NULL,
  `remember_token` varchar(100) COLLATE utf8_unicode_ci DEFAULT NULL,
  `created_at` timestamp NULL DEFAULT NULL,
  `updated_at` timestamp NULL DEFAULT NULL
) ENGINE=InnoDB DEFAULT CHARSET=utf8 COLLATE=utf8_unicode_ci;

--
-- Dumping data for table `users`
--

INSERT INTO `users` (`id`, `name`, `phone`, `email`, `address`, `upazila_id`, `job_title`, `dob`, `blood_group`, `join_date`, `salary`, `nid`, `img`, `file`, `store_id`, `is_access`, `email_verified_at`, `password`, `remember_token`, `created_at`, `updated_at`) VALUES
(3, 'Usama Muneer', '5465465354', 'admin@test.com', '4191 Dickinson Square\nNew Jazminside, AK 23652-9407', 5, 'Ms.', '1973-01-02', 'O+', '2014-12-01', 5, '15', NULL, NULL, NULL, 0, NULL, '$2y$10$ojIp7cX6hXQQMY/mk43q.OloQkZwX.Sz6Uv6JaXIf7uqKoDPGTqH6', NULL, '2019-06-29 05:14:05', '2019-06-29 05:14:05'),
(4, 'Asad Butt', '5465465324', 'me@test.com', '330 Jovanny Islands\nBorerside, DE 55090', 5, 'Dr.', '2002-03-23', 'O+', '1996-05-01', 5, '15', NULL, NULL, NULL, 1, NULL, '$2y$10$8mcRXXL5DSSe0k9CM6FJo.qnmMRXQ4jINFG5PKxIGB.yfxXzn.V6S', NULL, '2019-06-29 05:14:05', '2019-06-29 05:14:05');

--
-- Indexes for dumped tables
--

--
-- Indexes for table `attributes`
--
ALTER TABLE `attributes`
  ADD PRIMARY KEY (`id`),
  ADD KEY `attributes_product_id_foreign` (`product_id`);

--
-- Indexes for table `barcodes`
--
ALTER TABLE `barcodes`
  ADD PRIMARY KEY (`id`);

--
-- Indexes for table `brands`
--
ALTER TABLE `brands`
  ADD PRIMARY KEY (`id`);

--
-- Indexes for table `categories`
--
ALTER TABLE `categories`
  ADD PRIMARY KEY (`id`);

--
-- Indexes for table `cost_configures`
--
ALTER TABLE `cost_configures`
  ADD PRIMARY KEY (`id`),
  ADD KEY `cost_configures_delivery_person_foreign` (`delivery_person`);

--
-- Indexes for table `customers`
--
ALTER TABLE `customers`
  ADD PRIMARY KEY (`id`),
  ADD UNIQUE KEY `customers_email_unique` (`email`),
  ADD UNIQUE KEY `customers_phone_unique` (`phone`),
  ADD KEY `customers_type_id_foreign` (`type_id`);

--
-- Indexes for table `customer_address`
--
ALTER TABLE `customer_address`
  ADD PRIMARY KEY (`id`),
  ADD KEY `customer_address_customer_id_foreign` (`customer_id`),
  ADD KEY `customer_address_district_id_foreign` (`district_id`);

--
-- Indexes for table `customer_types`
--
ALTER TABLE `customer_types`
  ADD PRIMARY KEY (`id`);

--
-- Indexes for table `delivery_agents`
--
ALTER TABLE `delivery_agents`
  ADD PRIMARY KEY (`id`);

--
-- Indexes for table `delivery_costs`
--
ALTER TABLE `delivery_costs`
  ADD PRIMARY KEY (`id`),
  ADD KEY `delivery_costs_delivery_person_foreign` (`delivery_person`);

--
-- Indexes for table `delivery_orders`
--
ALTER TABLE `delivery_orders`
  ADD PRIMARY KEY (`id`),
  ADD KEY `delivery_orders_person_id_foreign` (`person_id`),
  ADD KEY `delivery_orders_agent_id_foreign` (`agent_id`),
  ADD KEY `delivery_orders_delivery_cost_id_foreign` (`delivery_cost_id`),
  ADD KEY `delivery_orders_customer_address_id_foreign` (`customer_address_id`);

--
-- Indexes for table `delivery_persons`
--
ALTER TABLE `delivery_persons`
  ADD PRIMARY KEY (`id`),
  ADD KEY `delivery_persons_added_by_foreign` (`added_by`),
  ADD KEY `delivery_persons_staff_id_foreign` (`staff_id`),
  ADD KEY `delivery_persons_agent_id_foreign` (`agent_id`);

--
-- Indexes for table `districts`
--
ALTER TABLE `districts`
  ADD PRIMARY KEY (`id`),
  ADD KEY `division_id` (`division_id`);

--
-- Indexes for table `divisions`
--
ALTER TABLE `divisions`
  ADD PRIMARY KEY (`id`);

--
-- Indexes for table `migrations`
--
ALTER TABLE `migrations`
  ADD PRIMARY KEY (`id`);

--
-- Indexes for table `password_resets`
--
ALTER TABLE `password_resets`
  ADD KEY `password_resets_email_index` (`email`);

--
-- Indexes for table `permissions`
--
ALTER TABLE `permissions`
  ADD PRIMARY KEY (`id`);

--
-- Indexes for table `permission_role`
--
ALTER TABLE `permission_role`
  ADD PRIMARY KEY (`role_id`,`permission_id`),
  ADD KEY `permission_role_permission_id_foreign` (`permission_id`);

--
-- Indexes for table `points`
--
ALTER TABLE `points`
  ADD PRIMARY KEY (`id`);

--
-- Indexes for table `products`
--
ALTER TABLE `products`
  ADD PRIMARY KEY (`id`),
  ADD KEY `products_category_id_foreign` (`category_id`),
  ADD KEY `products_brand_id_foreign` (`brand_id`),
  ADD KEY `products_unit_id_foreign` (`unit_id`),
  ADD KEY `products_supplier_id_foreign` (`supplier_id`);

--
-- Indexes for table `product_promotion`
--
ALTER TABLE `product_promotion`
  ADD KEY `product_promotion_product_id_foreign` (`product_id`),
  ADD KEY `product_promotion_promotion_id_foreign` (`promotion_id`);

--
-- Indexes for table `promotions`
--
ALTER TABLE `promotions`
  ADD PRIMARY KEY (`id`),
  ADD KEY `promotions_store_id_foreign` (`store_id`);

--
-- Indexes for table `purchases`
--
ALTER TABLE `purchases`
  ADD PRIMARY KEY (`id`),
  ADD KEY `purchases_supplier_id_foreign` (`supplier_id`);

--
-- Indexes for table `purchase_item`
--
ALTER TABLE `purchase_item`
  ADD PRIMARY KEY (`id`),
  ADD KEY `purchase_item_purchase_id_foreign` (`purchase_id`),
  ADD KEY `purchase_item_product_id_foreign` (`product_id`);

--
-- Indexes for table `roles`
--
ALTER TABLE `roles`
  ADD PRIMARY KEY (`id`);

--
-- Indexes for table `role_user`
--
ALTER TABLE `role_user`
  ADD PRIMARY KEY (`user_id`,`role_id`),
  ADD KEY `role_user_role_id_foreign` (`role_id`);

--
-- Indexes for table `stocks`
--
ALTER TABLE `stocks`
  ADD PRIMARY KEY (`id`),
  ADD KEY `stocks_store_id_foreign` (`store_id`),
  ADD KEY `stocks_purchase_item_id_foreign` (`purchase_item_id`);

--
-- Indexes for table `stores`
--
ALTER TABLE `stores`
  ADD PRIMARY KEY (`id`),
  ADD UNIQUE KEY `stores_email_unique` (`email`),
  ADD UNIQUE KEY `stores_phone_unique` (`phone`),
  ADD UNIQUE KEY `stores_vat_no_unique` (`vat_no`);

--
-- Indexes for table `suppliers`
--
ALTER TABLE `suppliers`
  ADD PRIMARY KEY (`id`),
  ADD UNIQUE KEY `suppliers_email_unique` (`email`),
  ADD UNIQUE KEY `suppliers_phone_unique` (`phone`),
  ADD UNIQUE KEY `suppliers_vat_reg_num_unique` (`vat_reg_num`),
  ADD UNIQUE KEY `suppliers_supplier_code_unique` (`supplier_code`),
  ADD KEY `suppliers_upazila_id_foreign` (`upazila_id`);

--
-- Indexes for table `supplier_alerts`
--
ALTER TABLE `supplier_alerts`
  ADD PRIMARY KEY (`id`),
  ADD KEY `supplier_alerts_supplier_id_foreign` (`supplier_id`);

--
-- Indexes for table `units`
--
ALTER TABLE `units`
  ADD PRIMARY KEY (`id`);

--
-- Indexes for table `upazilas`
--
ALTER TABLE `upazilas`
  ADD PRIMARY KEY (`id`),
  ADD KEY `district_id` (`district_id`);

--
-- Indexes for table `users`
--
ALTER TABLE `users`
  ADD PRIMARY KEY (`id`),
  ADD UNIQUE KEY `users_email_unique` (`email`),
  ADD KEY `users_store_id_foreign` (`store_id`),
  ADD KEY `users_upazila_id_foreign` (`upazila_id`);

--
-- AUTO_INCREMENT for dumped tables
--

--
-- AUTO_INCREMENT for table `attributes`
--
ALTER TABLE `attributes`
  MODIFY `id` bigint(20) UNSIGNED NOT NULL AUTO_INCREMENT, AUTO_INCREMENT=2;

--
-- AUTO_INCREMENT for table `barcodes`
--
ALTER TABLE `barcodes`
  MODIFY `id` bigint(20) UNSIGNED NOT NULL AUTO_INCREMENT;

--
-- AUTO_INCREMENT for table `brands`
--
ALTER TABLE `brands`
  MODIFY `id` bigint(20) UNSIGNED NOT NULL AUTO_INCREMENT, AUTO_INCREMENT=2;

--
-- AUTO_INCREMENT for table `categories`
--
ALTER TABLE `categories`
  MODIFY `id` bigint(20) UNSIGNED NOT NULL AUTO_INCREMENT, AUTO_INCREMENT=2;

--
-- AUTO_INCREMENT for table `cost_configures`
--
ALTER TABLE `cost_configures`
  MODIFY `id` bigint(20) UNSIGNED NOT NULL AUTO_INCREMENT, AUTO_INCREMENT=13;

--
-- AUTO_INCREMENT for table `customers`
--
ALTER TABLE `customers`
  MODIFY `id` bigint(20) UNSIGNED NOT NULL AUTO_INCREMENT, AUTO_INCREMENT=5;

--
-- AUTO_INCREMENT for table `customer_address`
--
ALTER TABLE `customer_address`
  MODIFY `id` bigint(20) UNSIGNED NOT NULL AUTO_INCREMENT, AUTO_INCREMENT=3;

--
-- AUTO_INCREMENT for table `customer_types`
--
ALTER TABLE `customer_types`
  MODIFY `id` bigint(20) UNSIGNED NOT NULL AUTO_INCREMENT, AUTO_INCREMENT=3;

--
-- AUTO_INCREMENT for table `delivery_agents`
--
ALTER TABLE `delivery_agents`
  MODIFY `id` bigint(20) UNSIGNED NOT NULL AUTO_INCREMENT, AUTO_INCREMENT=3;

--
-- AUTO_INCREMENT for table `delivery_costs`
--
ALTER TABLE `delivery_costs`
  MODIFY `id` bigint(20) UNSIGNED NOT NULL AUTO_INCREMENT, AUTO_INCREMENT=10;

--
-- AUTO_INCREMENT for table `delivery_orders`
--
ALTER TABLE `delivery_orders`
  MODIFY `id` bigint(20) UNSIGNED NOT NULL AUTO_INCREMENT;

--
-- AUTO_INCREMENT for table `delivery_persons`
--
ALTER TABLE `delivery_persons`
  MODIFY `id` bigint(20) UNSIGNED NOT NULL AUTO_INCREMENT, AUTO_INCREMENT=3;

--
-- AUTO_INCREMENT for table `districts`
--
ALTER TABLE `districts`
  MODIFY `id` int(2) UNSIGNED NOT NULL AUTO_INCREMENT, AUTO_INCREMENT=65;

--
-- AUTO_INCREMENT for table `divisions`
--
ALTER TABLE `divisions`
  MODIFY `id` int(2) UNSIGNED NOT NULL AUTO_INCREMENT, AUTO_INCREMENT=9;

--
-- AUTO_INCREMENT for table `migrations`
--
ALTER TABLE `migrations`
  MODIFY `id` int(10) UNSIGNED NOT NULL AUTO_INCREMENT, AUTO_INCREMENT=33;

--
-- AUTO_INCREMENT for table `permissions`
--
ALTER TABLE `permissions`
  MODIFY `id` int(10) UNSIGNED NOT NULL AUTO_INCREMENT, AUTO_INCREMENT=31;

--
-- AUTO_INCREMENT for table `points`
--
ALTER TABLE `points`
  MODIFY `id` bigint(20) UNSIGNED NOT NULL AUTO_INCREMENT, AUTO_INCREMENT=2;

--
-- AUTO_INCREMENT for table `products`
--
ALTER TABLE `products`
  MODIFY `id` bigint(20) UNSIGNED NOT NULL AUTO_INCREMENT, AUTO_INCREMENT=2;

--
-- AUTO_INCREMENT for table `promotions`
--
ALTER TABLE `promotions`
  MODIFY `id` bigint(20) UNSIGNED NOT NULL AUTO_INCREMENT, AUTO_INCREMENT=2;

--
-- AUTO_INCREMENT for table `purchases`
--
ALTER TABLE `purchases`
  MODIFY `id` bigint(20) UNSIGNED NOT NULL AUTO_INCREMENT, AUTO_INCREMENT=2;

--
-- AUTO_INCREMENT for table `purchase_item`
--
ALTER TABLE `purchase_item`
  MODIFY `id` bigint(20) UNSIGNED NOT NULL AUTO_INCREMENT, AUTO_INCREMENT=2;

--
-- AUTO_INCREMENT for table `roles`
--
ALTER TABLE `roles`
  MODIFY `id` int(10) UNSIGNED NOT NULL AUTO_INCREMENT, AUTO_INCREMENT=5;

--
-- AUTO_INCREMENT for table `stocks`
--
ALTER TABLE `stocks`
  MODIFY `id` bigint(20) UNSIGNED NOT NULL AUTO_INCREMENT, AUTO_INCREMENT=3;

--
-- AUTO_INCREMENT for table `stores`
--
ALTER TABLE `stores`
  MODIFY `id` bigint(20) UNSIGNED NOT NULL AUTO_INCREMENT, AUTO_INCREMENT=2;

--
-- AUTO_INCREMENT for table `suppliers`
--
ALTER TABLE `suppliers`
  MODIFY `id` bigint(20) UNSIGNED NOT NULL AUTO_INCREMENT, AUTO_INCREMENT=3;

--
-- AUTO_INCREMENT for table `supplier_alerts`
--
ALTER TABLE `supplier_alerts`
  MODIFY `id` bigint(20) UNSIGNED NOT NULL AUTO_INCREMENT;

--
-- AUTO_INCREMENT for table `units`
--
ALTER TABLE `units`
  MODIFY `id` bigint(20) UNSIGNED NOT NULL AUTO_INCREMENT, AUTO_INCREMENT=2;

--
-- AUTO_INCREMENT for table `upazilas`
--
ALTER TABLE `upazilas`
  MODIFY `id` int(2) UNSIGNED NOT NULL AUTO_INCREMENT, AUTO_INCREMENT=493;

--
-- AUTO_INCREMENT for table `users`
--
ALTER TABLE `users`
  MODIFY `id` bigint(20) UNSIGNED NOT NULL AUTO_INCREMENT, AUTO_INCREMENT=5;

--
-- Constraints for dumped tables
--

--
-- Constraints for table `attributes`
--
ALTER TABLE `attributes`
  ADD CONSTRAINT `attributes_product_id_foreign` FOREIGN KEY (`product_id`) REFERENCES `products` (`id`) ON DELETE CASCADE ON UPDATE CASCADE;

--
-- Constraints for table `cost_configures`
--
ALTER TABLE `cost_configures`
  ADD CONSTRAINT `cost_configures_delivery_person_foreign` FOREIGN KEY (`delivery_person`) REFERENCES `delivery_persons` (`id`) ON UPDATE CASCADE;

--
-- Constraints for table `customers`
--
ALTER TABLE `customers`
  ADD CONSTRAINT `customers_type_id_foreign` FOREIGN KEY (`type_id`) REFERENCES `customer_types` (`id`) ON DELETE CASCADE ON UPDATE CASCADE;

--
-- Constraints for table `customer_address`
--
ALTER TABLE `customer_address`
  ADD CONSTRAINT `customer_address_customer_id_foreign` FOREIGN KEY (`customer_id`) REFERENCES `customers` (`id`) ON UPDATE CASCADE,
  ADD CONSTRAINT `customer_address_district_id_foreign` FOREIGN KEY (`district_id`) REFERENCES `districts` (`id`) ON UPDATE CASCADE;

--
-- Constraints for table `delivery_costs`
--
ALTER TABLE `delivery_costs`
  ADD CONSTRAINT `delivery_costs_delivery_person_foreign` FOREIGN KEY (`delivery_person`) REFERENCES `delivery_persons` (`id`) ON UPDATE CASCADE;

--
-- Constraints for table `delivery_orders`
--
ALTER TABLE `delivery_orders`
  ADD CONSTRAINT `delivery_orders_agent_id_foreign` FOREIGN KEY (`agent_id`) REFERENCES `delivery_agents` (`id`) ON UPDATE CASCADE,
  ADD CONSTRAINT `delivery_orders_customer_address_id_foreign` FOREIGN KEY (`customer_address_id`) REFERENCES `customer_address` (`id`) ON UPDATE CASCADE,
  ADD CONSTRAINT `delivery_orders_delivery_cost_id_foreign` FOREIGN KEY (`delivery_cost_id`) REFERENCES `delivery_costs` (`id`) ON UPDATE CASCADE,
  ADD CONSTRAINT `delivery_orders_person_id_foreign` FOREIGN KEY (`person_id`) REFERENCES `delivery_persons` (`id`) ON UPDATE CASCADE;

--
-- Constraints for table `delivery_persons`
--
ALTER TABLE `delivery_persons`
  ADD CONSTRAINT `delivery_persons_added_by_foreign` FOREIGN KEY (`added_by`) REFERENCES `users` (`id`) ON UPDATE CASCADE,
  ADD CONSTRAINT `delivery_persons_agent_id_foreign` FOREIGN KEY (`agent_id`) REFERENCES `delivery_agents` (`id`) ON UPDATE CASCADE,
  ADD CONSTRAINT `delivery_persons_staff_id_foreign` FOREIGN KEY (`staff_id`) REFERENCES `users` (`id`) ON UPDATE CASCADE;

--
-- Constraints for table `districts`
--
ALTER TABLE `districts`
  ADD CONSTRAINT `districts_ibfk_1` FOREIGN KEY (`division_id`) REFERENCES `divisions` (`id`) ON DELETE CASCADE ON UPDATE CASCADE;

--
-- Constraints for table `permission_role`
--
ALTER TABLE `permission_role`
  ADD CONSTRAINT `permission_role_permission_id_foreign` FOREIGN KEY (`permission_id`) REFERENCES `permissions` (`id`) ON DELETE CASCADE ON UPDATE CASCADE,
  ADD CONSTRAINT `permission_role_role_id_foreign` FOREIGN KEY (`role_id`) REFERENCES `roles` (`id`) ON DELETE CASCADE ON UPDATE CASCADE;

--
-- Constraints for table `products`
--
ALTER TABLE `products`
  ADD CONSTRAINT `products_brand_id_foreign` FOREIGN KEY (`brand_id`) REFERENCES `brands` (`id`) ON DELETE CASCADE ON UPDATE CASCADE,
  ADD CONSTRAINT `products_category_id_foreign` FOREIGN KEY (`category_id`) REFERENCES `categories` (`id`) ON DELETE CASCADE ON UPDATE CASCADE,
  ADD CONSTRAINT `products_supplier_id_foreign` FOREIGN KEY (`supplier_id`) REFERENCES `suppliers` (`id`) ON DELETE CASCADE ON UPDATE CASCADE,
  ADD CONSTRAINT `products_unit_id_foreign` FOREIGN KEY (`unit_id`) REFERENCES `units` (`id`) ON DELETE CASCADE ON UPDATE CASCADE;

--
-- Constraints for table `product_promotion`
--
ALTER TABLE `product_promotion`
  ADD CONSTRAINT `product_promotion_product_id_foreign` FOREIGN KEY (`product_id`) REFERENCES `products` (`id`) ON UPDATE CASCADE,
  ADD CONSTRAINT `product_promotion_promotion_id_foreign` FOREIGN KEY (`promotion_id`) REFERENCES `promotions` (`id`) ON UPDATE CASCADE;

--
-- Constraints for table `promotions`
--
ALTER TABLE `promotions`
  ADD CONSTRAINT `promotions_store_id_foreign` FOREIGN KEY (`store_id`) REFERENCES `stores` (`id`) ON UPDATE CASCADE;

--
-- Constraints for table `purchases`
--
ALTER TABLE `purchases`
  ADD CONSTRAINT `purchases_supplier_id_foreign` FOREIGN KEY (`supplier_id`) REFERENCES `suppliers` (`id`) ON UPDATE CASCADE;

--
-- Constraints for table `purchase_item`
--
ALTER TABLE `purchase_item`
  ADD CONSTRAINT `purchase_item_product_id_foreign` FOREIGN KEY (`product_id`) REFERENCES `products` (`id`) ON UPDATE CASCADE,
  ADD CONSTRAINT `purchase_item_purchase_id_foreign` FOREIGN KEY (`purchase_id`) REFERENCES `purchases` (`id`) ON UPDATE CASCADE;

--
-- Constraints for table `role_user`
--
ALTER TABLE `role_user`
  ADD CONSTRAINT `role_user_role_id_foreign` FOREIGN KEY (`role_id`) REFERENCES `roles` (`id`) ON DELETE CASCADE ON UPDATE CASCADE,
  ADD CONSTRAINT `role_user_user_id_foreign` FOREIGN KEY (`user_id`) REFERENCES `users` (`id`) ON DELETE CASCADE ON UPDATE CASCADE;

--
-- Constraints for table `stocks`
--
ALTER TABLE `stocks`
  ADD CONSTRAINT `stocks_purchase_item_id_foreign` FOREIGN KEY (`purchase_item_id`) REFERENCES `purchase_item` (`id`) ON UPDATE CASCADE,
  ADD CONSTRAINT `stocks_store_id_foreign` FOREIGN KEY (`store_id`) REFERENCES `stores` (`id`) ON UPDATE CASCADE;

--
-- Constraints for table `suppliers`
--
ALTER TABLE `suppliers`
  ADD CONSTRAINT `suppliers_upazila_id_foreign` FOREIGN KEY (`upazila_id`) REFERENCES `upazilas` (`id`) ON DELETE CASCADE ON UPDATE CASCADE;

--
-- Constraints for table `supplier_alerts`
--
ALTER TABLE `supplier_alerts`
  ADD CONSTRAINT `supplier_alerts_supplier_id_foreign` FOREIGN KEY (`supplier_id`) REFERENCES `suppliers` (`id`) ON DELETE CASCADE ON UPDATE CASCADE;

--
-- Constraints for table `upazilas`
--
ALTER TABLE `upazilas`
  ADD CONSTRAINT `upazilas_ibfk_1` FOREIGN KEY (`district_id`) REFERENCES `districts` (`id`) ON DELETE CASCADE ON UPDATE CASCADE;

--
-- Constraints for table `users`
--
ALTER TABLE `users`
  ADD CONSTRAINT `users_store_id_foreign` FOREIGN KEY (`store_id`) REFERENCES `stores` (`id`) ON DELETE CASCADE ON UPDATE CASCADE,
  ADD CONSTRAINT `users_upazila_id_foreign` FOREIGN KEY (`upazila_id`) REFERENCES `upazilas` (`id`) ON DELETE CASCADE ON UPDATE CASCADE;
COMMIT;

/*!40101 SET CHARACTER_SET_CLIENT=@OLD_CHARACTER_SET_CLIENT */;
/*!40101 SET CHARACTER_SET_RESULTS=@OLD_CHARACTER_SET_RESULTS */;
/*!40101 SET COLLATION_CONNECTION=@OLD_COLLATION_CONNECTION */;
